Título,URL,Time Stamp,Fecha publicacion,,Imprescindible Residir,Funciones,Jornada,Experiencia,Tipo contrato,Salario,Alta Candidato,Acceso Empresas,Alta Empresa Gratis,Big Data,Idiomas,Formación Mínima,Nivel Profesional,CVs inscritos en el proceso,AdministradorProgramadorTécnico de Sistemas,Otras Provincias,AdministradorConsultor,Big DataInteligencia Artificial/Machine Learning,ComercialConsultor,Número de puestos,Incentivos,AdministradorRedesTécnico de Sistemas,Personas a cargo,Jefe de ProyectoTécnico de Gestión,Analista ProgramadorConsultorProgramador,Programador,Soporte Técnico,Consultor,Arquitecto TIC,Arquitecto TICDevOpsTécnico de Sistemas,Arquitecto TICDevOps,Técnico de Sistemas,Jefe de Equipo,+ Países,Info Otros Países,Diseño gráfico,Tester,Formador,AnalistaConsultor,Analista ProgramadorProgramador,HelpdeskTécnico Hardware,Analista,AnalistaBig Data,AnalistaAnalista ProgramadorProgramador,Analista ProgramadorInteligencia Artificial/Machine LearningProgramador,Analista ProgramadorBig DataIngenieros/Industria,Jefe de Proyecto,Jefe de EquipoJefe de Proyecto,RedesSoporte Técnico,AdministradorTécnico de Sistemas,HelpdeskRedesSoporte Técnico,Analista ProgramadorAnalista,Desarrollador MóvilProgramador,Ingenieros/Industria,CiberseguridadRedes,Jefe de EquipoProgramador,Arquitecto TICTécnico de Sistemas,Big DataConsultor,ElectrónicaProgramador,Ciberseguridad,ML GenIA,Salesforce,Tableau,Api First,LAN,Kibana,vmware,Api rest,microinformatica,Vue,network,javascript,spring,docker,sap,node.js,snowflake,Arquitectura distribuida hexagonal,colas,SonarSource,AsyncAPI,Appian,GCP,team management,SDK,ia,Oauth,data management,wifi,SAP TRM,Maven,doors,TestRail,postgresql,helpdesk,typo3,big data,azure,excel,sql server,TypeScript,marketing,soporte,etl,HyperV,Oracle,Java,symfony,software,Github,figma,salesforce,Scrum,SQL,api,AWS,One identity Safeguard,pmp,IA,Rust,TCP/IP,protobuf,Citrix,jenkins,redes,hp nonstop,data,scrum,iOS,CISSP,hana,UML,Duplo,aws,Mikrotik,SLA,SIEM,Python,HANA,VMWare,Node,lan,Terraform,scala,ESX,Inteligencia artificial,RTCP,.net,C++,copilot,HTML,pl/sql,Redes,OSS,ITIL,Typescript,QA,linux,Atlassian,Spring Framework,cloud,kubernetes,vpn,listas,mysql,PAM,OpenAPI,jira,Sonar,react native,kanban,gRPC,ongoing,HPE,gcp,Jira,git,Scala,Calypso,oracle,SAP,crm,typescript,arrays,Kubernetes,hashMaps sets.,sql,MOCKITO,Synapse,java,JavaScript,CI/CD,active directory,rest,SonarQube,DDD,estructura de datos,swagger,Mulesoft,BI,Windows,agile,itil,machine learning,chatgpt,OpenApi,Azure,UX,Databricks,ETL,HP Nonstop,JUnit,Kafka,dbt,ticketing,Datafactory,Swift,C,React,Spine 2D,php,WAN,fortinet,cisco,pilas,N8N,Mongodb,shadowbase,Linux,Spring,confluence,angular,AVD,react,ciberseguridad,CSS,j2ee,ci/cd,RDF,Jenkins,ASP NET MVC,formacion,KPI,c nist,api rest,windows,IAM,office 365,python,net,Microstrategy,Kanban,TACL,Spark,Liferay,Opentrack,avro,Javascript
UrgenteData Engineer with Snowflake,https://www.tecnoempleo.com/data-engineer-with-snowflake-dacdigital/snowflake-git-agile-data-managemen/rf-dd0a133a32934329774c,2025-02-14 10:03:00,14/02/2025Actualizada,100% En remoto,Not Required,Big Data,Jornada completa,3-5 años,Freelance/Autónomo,2.700 € - 6.000 € Bruto/mes,No especificado,No especificado,No especificado,No especificado,Inglés (Alto),Sin estudios,Especialista,21,,,,,,,,,,,,,,,,,,,,,,,,,,,,,,,,,,,,,,,,,,,,,,0,0,0,0,0,0,0,0,0,0,0,0,0,0,0,0,0,1,0,0,0,0,0,0,0,0,0,0,1,0,0,0,0,0,0,0,0,0,0,0,0,0,0,0,0,0,0,0,0,0,0,0,0,0,0,0,0,0,0,0,0,0,0,0,0,0,0,0,1,0,0,0,0,0,0,0,0,0,0,0,0,0,0,0,0,0,0,0,0,0,0,0,0,0,0,0,0,0,0,0,0,0,0,0,0,0,0,0,0,0,0,1,0,0,0,0,0,1,0,0,0,0,0,0,0,0,0,0,0,0,0,0,0,0,0,0,0,0,0,0,0,0,1,0,0,0,0,0,0,0,0,0,0,0,1,0,0,0,0,0,0,0,0,0,0,0,0,0,0,0,0,0,0,0,0,0,0,0,0,0,0,0,0,0,0,0,0,0,0,0,0,0,0,0,0,0,0,0,0
UrgenteIT System Administrator/Web Developer,https://www.tecnoempleo.com/it-system-administrator-web-developer-dacdigital/git-kubernetes-docker-agi/rf-6c431470420be3c4b146,2025-02-14 10:03:00,14/02/2025Actualizada,100% En remoto,Not Required,Administrador,Jornada completa,3-5 años,Freelance/Autónomo,2.700 € - 6.000 € Bruto/mes,No especificado,No especificado,No especificado,,"Alemán (Alto)										| 
										Inglés (Alto)",Sin estudios,Especialista,69,No especificado,,,,,,,,,,,,,,,,,,,,,,,,,,,,,,,,,,,,,,,,,,,,,0,0,0,0,0,0,0,0,0,0,0,0,0,0,1,0,0,0,0,0,0,0,0,0,0,0,0,0,0,0,0,0,0,0,0,0,1,0,0,0,0,0,0,0,0,0,0,0,0,0,0,0,0,0,0,0,0,0,0,0,0,0,0,0,0,0,0,1,1,0,0,0,0,0,0,0,0,0,0,0,0,0,0,0,0,0,0,0,0,0,0,0,0,0,0,0,0,0,0,0,0,0,1,0,0,0,0,0,0,0,0,0,0,0,0,0,0,1,0,0,0,0,0,0,0,0,0,0,0,0,0,0,0,0,0,0,0,0,0,0,0,0,1,0,0,0,0,0,0,0,0,0,0,0,0,0,0,0,0,0,0,0,0,0,0,0,0,0,0,0,0,0,0,0,0,0,0,0,1,0,0,0,0,0,0,0,0,0,0,0,0,0,0,0,0,0,0,0,0
UrgenteAdministrador Atlassian,https://www.tecnoempleo.com/administrador-atlassian-excentia/atlassian-sonarsource/rf-2cd5174f926f83f2bb4e,2025-02-14 10:03:00,14/02/2025Actualizada,Valencia(Híbrido),España,Administrador,Jornada completa,3-5 años,Indefinido,,No especificado,No especificado,No especificado,,Inglés (Medio),Ingeniero Técnico,Empleado,47,,"Alicante, Barcelona, Castellón y Madrid",No especificado,,,,,,,,,,,,,,,,,,,,,,,,,,,,,,,,,,,,,,,,,,,0,0,0,0,0,0,0,0,0,0,0,0,0,0,0,0,0,0,0,0,1,0,0,0,0,0,0,0,0,0,0,0,0,0,0,0,0,0,0,0,0,0,0,0,0,0,0,0,0,0,0,0,0,0,0,0,0,0,0,0,0,0,0,0,0,0,0,0,0,0,0,0,0,0,0,0,0,0,0,0,0,0,0,0,0,0,0,0,0,0,0,0,0,0,0,0,0,0,0,1,0,0,0,0,0,0,0,0,0,0,0,0,0,0,0,0,0,0,0,0,0,0,0,0,0,0,0,0,0,0,0,0,0,0,0,0,0,0,0,0,0,0,0,0,0,0,0,0,0,0,0,0,0,0,0,0,0,0,0,0,0,0,0,0,0,0,0,0,0,0,0,0,0,0,0,0,0,0,0,0,0,0,0,0,0,0,0,0,0,0,0,0,0,0,0,0,0,0,0
UrgentePreventa - Experto IA,https://www.tecnoempleo.com/preventa-experto-ia-npr-spain/aws-azure-cloud-data-gcp-ia-ml-genia/rf-aa0319e35227432b0143,2025-02-14 10:03:01,14/02/2025Actualizada,Madrid(Híbrido),,Big Data,Jornada completa,Más de 5 años,Indefinido,,No especificado,No especificado,No especificado,,Inglés (Medio),Ingeniero Superior,Especialista,22,,,,No especificado,,,,,,,,,,,,,,,,,,,,,,,,,,,,,,,,,,,,,,,,,,0,1,0,0,0,0,0,0,0,0,0,0,0,0,0,0,0,0,0,0,0,0,0,0,0,0,0,0,0,0,0,0,0,0,0,0,0,0,1,0,0,0,0,0,0,0,0,0,0,0,0,0,0,0,0,0,0,0,0,1,0,0,0,0,0,0,0,1,0,0,0,0,0,0,1,0,0,0,0,0,0,0,0,0,0,0,0,0,0,0,0,0,0,0,0,0,0,0,0,0,0,1,0,0,0,0,0,0,0,0,0,0,0,0,0,1,0,0,0,0,0,0,0,0,0,0,0,0,0,0,0,0,0,0,0,0,0,0,0,0,0,0,0,0,0,0,0,0,0,0,0,0,0,0,0,0,0,0,0,0,0,0,0,0,0,0,0,0,0,0,0,0,0,0,0,0,0,0,0,0,0,0,0,0,0,0,0,0,0,0,0,0,0,0,0,0,0,0,0
UrgenteAccount Executive with Norwegian,https://www.tecnoempleo.com/account-executive-with-norwegian-iron-mountain/git-marketing-net-data-sale/rf-8ef61d15e2d53371224d,2025-02-14 10:03:01,14/02/2025Actualizada,Llinars del Vallès -Barcelona(Híbrido),País Puesto,Comercial,Jornada completa,1 año,Indefinido,39.000 € - 45.000 € Bruto/año,No especificado,No especificado,No especificado,,Noruego (Excelente),Licenciado,Especialista,4,,,,,No especificado,2,Uncapped Commission,,,,,,,,,,,,,,,,,,,,,,,,,,,,,,,,,,,,,,,0,0,0,0,0,0,0,0,0,0,0,0,0,0,0,0,0,0,0,0,0,0,0,0,0,0,0,0,0,0,0,0,1,0,0,0,0,0,0,0,0,0,1,0,0,0,0,0,0,0,0,0,1,0,0,0,0,0,0,0,0,0,0,0,0,0,0,1,0,0,0,0,0,0,0,0,0,0,0,0,0,0,1,0,0,0,0,0,0,0,0,0,0,0,0,0,0,0,0,0,0,0,0,0,0,0,0,0,0,0,0,0,0,0,0,0,0,1,0,0,0,0,1,0,0,0,0,0,0,0,0,0,0,0,0,0,0,0,0,0,0,0,0,0,0,0,0,0,0,0,0,0,0,0,0,0,0,0,0,0,0,0,0,0,0,0,0,0,0,0,0,0,0,0,0,0,0,0,0,0,0,0,0,0,0,0,0,0,0,0,1,0,0,0,0,0,0,0,0
UrgenteResponsable Administración de Sistemas,https://www.tecnoempleo.com/responsable-administracion-sistemas-sedecal/linux-windows-azure-cibersegur/rf-302a1e56a2cef33aa544,2025-02-14 10:03:01,14/02/2025Actualizada,algete -Madrid(Presencial),,Administrador,Jornada completa,Más de 5 años,Indefinido,45.000 € - 54.000 € Bruto/año,No especificado,No especificado,No especificado,,,FP2/Grado Superior,Mando Intermedio,51,,,,,,,,No especificado,4,,,,,,,,,,,,,,,,,,,,,,,,,,,,,,,,,,,,,0,0,0,0,0,0,0,1,0,0,0,0,0,0,0,0,0,0,0,0,0,0,0,0,0,0,0,0,0,0,0,0,0,0,0,0,0,0,1,0,0,0,0,1,0,0,0,0,0,0,0,0,0,0,0,0,0,0,0,0,0,0,0,0,0,0,0,0,0,0,0,0,0,0,0,0,0,0,0,0,0,0,0,0,0,0,0,0,0,0,0,0,0,0,0,0,0,0,1,0,0,1,0,0,0,0,0,0,0,0,0,0,0,0,0,0,0,0,0,0,0,0,0,0,0,0,0,0,0,0,0,0,0,0,0,0,0,0,0,0,0,0,0,0,0,0,0,0,0,0,0,0,0,0,0,0,0,0,0,0,0,0,0,0,0,0,0,0,0,0,0,0,0,0,0,1,0,0,0,0,0,0,0,0,0,0,1,0,0,0,0,0,0,0,0,0,0,0,0
UrgenteAccount Executive with German,https://www.tecnoempleo.com/account-executive-with-german-iron-mountain/salesforce/rf-9fbb16aa42fd2377cd4c,2025-02-14 10:03:01,14/02/2025Actualizada,Llinars del Vallès -Barcelona(Híbrido),País Puesto,Comercial,Jornada completa,1 año,Indefinido,39.000 € - 45.000 € Bruto/año,No especificado,No especificado,No especificado,,Alemán (Excelente),Licenciado,Especialista,3,,,,,No especificado,,Uncapped Commission,,,,,,,,,,,,,,,,,,,,,,,,,,,,,,,,,,,,,,,0,0,0,0,0,0,0,0,0,0,0,0,0,0,0,0,0,0,0,0,0,0,0,0,0,0,0,0,0,0,0,0,0,0,0,0,0,0,0,0,0,0,0,0,0,0,0,0,0,0,0,0,1,0,0,0,0,0,0,0,0,0,0,0,0,0,0,0,0,0,0,0,0,0,0,0,0,0,0,0,0,0,0,0,0,0,0,0,0,0,0,0,0,0,0,0,0,0,0,0,0,0,0,0,0,0,0,0,0,0,0,0,0,0,0,0,0,0,0,0,0,0,0,0,0,0,0,0,0,0,0,0,0,0,0,0,0,0,0,0,0,0,0,0,0,0,0,0,0,0,0,0,0,0,0,0,0,0,0,0,0,0,0,0,0,0,0,0,0,0,0,0,0,0,0,0,0,0,0,0,0,0,0,0,0,0,0,0,0,0,0,0,0,0,0,0,0,0,0
UrgenteIngeniero/a Telco Grandes Cuentas,https://www.tecnoempleo.com/ingeniero-telco-grandes-cuentas-gestelcom-servicio/sla-kpi-cisco/rf-62011c031206f366334e,2025-02-14 10:03:01,14/02/2025Actualizada,Asturias(Híbrido),Provincia Puesto,Jefe de Proyecto,Jornada completa,3 años,Indefinido,,No especificado,No especificado,No especificado,,,FP2/Grado Superior,Empleado,11,,,,,,,Jornada intensiva los viernes y verano.,,,No especificado,,,,,,,,,,,,,,,,,,,,,,,,,,,,,,,,,,,,0,0,0,0,0,0,0,0,0,0,0,0,0,0,0,0,0,0,0,0,0,0,0,0,0,0,0,0,0,0,0,0,0,0,0,0,0,0,0,0,0,0,0,0,0,0,0,0,0,0,0,0,0,0,0,0,0,0,0,0,0,0,0,0,0,0,0,0,0,0,0,0,0,0,0,0,1,0,0,0,0,0,0,0,0,0,0,0,0,0,0,0,0,0,0,0,0,0,0,0,0,0,0,0,0,0,0,0,0,0,0,0,0,0,0,0,0,0,0,0,0,0,0,0,0,0,0,0,0,0,0,0,0,0,0,0,0,0,0,0,0,0,0,0,0,0,0,0,0,0,0,0,0,0,0,0,0,0,0,0,0,0,0,0,1,0,0,0,0,0,0,0,0,0,0,0,0,0,0,0,0,0,0,1,0,0,0,0,0,0,0,0,0,0,0,0,0,0,0
UrgenteIntegration Specialist,https://www.tecnoempleo.com/integration-specialist-gstock-web-app/php-mysql-git-symfony-api-etl-sql-ja/rf-b14e1d3282dea3a42b40,2025-02-14 10:03:02,14/02/2025Actualizada,100% En remoto,España,Analista Programador,Intensiva Mañana,1 año,Indefinido,21.000 € - 24.000 € Bruto/año,No especificado,No especificado,No especificado,,"Español (Excelente)										| 
										Inglés (Alto)",FP2/Grado Superior,Empleado,62,,,,,,,,,,,No especificado,,,,,,,,,,,,,,,,,,,,,,,,,,,,,,,,,,,0,0,0,0,0,0,0,0,0,0,0,0,0,0,1,0,0,0,0,0,0,0,0,0,0,0,0,0,0,0,0,0,0,0,0,0,0,0,0,0,0,0,0,0,1,0,0,0,1,0,0,0,0,0,0,1,0,0,0,0,0,0,0,0,0,0,0,0,0,0,0,0,0,0,0,0,0,0,0,0,0,0,0,0,0,0,0,0,0,0,0,0,0,0,0,0,0,0,0,0,0,0,0,0,0,1,0,0,0,0,0,0,0,0,0,0,0,1,0,0,0,0,0,0,0,0,0,1,0,0,1,0,0,0,0,0,0,0,0,0,0,0,0,0,0,0,0,0,0,0,0,0,0,0,0,0,0,0,0,0,0,1,0,0,0,0,0,0,0,0,0,0,0,0,0,0,0,0,0,0,0,0,0,0,0,0,0,0,0,1,0,0,0,0,0,0,0,0,0
Desarrollador/a Calypso - Java,https://www.tecnoempleo.com/desarrollador-calypso-java-grupo-digital/java-calypso/rf-5e55149fd209a3f1804c,2025-02-14 10:03:02,14/02/2025Nueva,Madrid(Híbrido),,Programador,Jornada completa,3 años,Indefinido,,No especificado,No especificado,No especificado,,,Grado Medio,Empleado,0,,,,,,,,,,,,No especificado,,,,,,,,,,,,,,,,,,,,,,,,,,,,,,,,,,0,0,0,0,0,0,0,0,0,0,0,0,0,0,0,0,0,0,0,0,0,0,0,0,0,0,0,0,0,0,0,0,0,0,0,0,0,0,0,0,0,0,0,0,0,0,0,0,0,0,0,0,0,0,0,0,0,0,0,0,0,0,0,0,0,0,0,0,0,0,0,0,0,0,0,0,0,0,0,0,0,0,0,0,0,0,0,0,0,0,0,0,0,0,0,0,0,0,0,0,0,0,0,0,0,0,0,0,0,0,0,0,0,0,0,0,0,0,0,1,0,0,0,0,0,0,0,0,0,0,1,0,0,0,0,0,0,0,0,0,0,0,0,0,0,0,0,0,0,0,0,0,0,0,0,0,0,0,0,0,0,0,0,0,0,0,0,0,0,0,0,0,0,0,0,0,0,0,0,0,0,0,0,0,0,0,0,0,0,0,0,0,0,0,0,0,0,0,0
Técnico de Soporte de Primer Nivel,https://www.tecnoempleo.com/tecnico-soporte-primer-nivel-digital-talent-agency/soporte-microinformatic/rf-ddac141d22631315bd45,2025-02-14 10:03:02,14/02/2025Nueva,Barcelona- España,,Soporte Técnico,Jornada completa,3 años,Indefinido,,No especificado,No especificado,No especificado,,,Grado Medio,Empleado,0,,,,,,,,,,,,,No especificado,,,,,,,,,,,,,,,,,,,,,,,,,,,,,,,,,0,0,0,0,0,0,0,0,0,1,0,0,0,0,0,0,0,0,0,0,0,0,0,0,0,0,0,0,0,0,0,0,0,0,0,0,0,0,0,0,0,0,0,1,0,0,0,0,0,0,0,0,0,0,0,0,0,0,0,0,0,0,0,0,0,0,0,0,0,0,0,0,0,0,0,0,0,0,0,0,0,0,0,0,0,0,0,0,0,0,0,0,0,0,0,0,0,0,0,0,0,0,0,0,0,0,0,0,0,0,0,0,0,0,0,0,0,0,0,0,0,0,0,0,0,0,0,0,0,0,0,0,0,0,0,0,0,0,0,0,0,0,0,0,0,0,0,0,0,0,0,0,0,0,0,0,0,0,0,0,0,0,0,0,0,0,0,0,0,0,0,0,0,0,0,0,0,0,0,0,0,0,0,0,0,0,0,0,0,0,0,0,0,0,0,0,0,0,0
SAP TRM Consultant,https://www.tecnoempleo.com/sap-trm-consultant-plexus/sap-hana-sap-trm/rf-359b134ed2c1d3844746,2025-02-14 10:03:02,14/02/2025Nueva,100% En remoto,España,Consultor,Jornada completa,Más de 5 años,Indefinido,,No especificado,No especificado,No especificado,,,,Empleado,0,,,,,,,,,,,,,,No especificado,,,,,,,,,,,,,,,,,,,,,,,,,,,,,,,,0,0,0,0,0,0,0,0,0,0,0,0,0,0,0,0,0,0,0,0,0,0,0,0,0,0,0,0,0,0,1,0,0,0,0,0,0,0,0,0,0,0,0,0,0,0,0,0,0,0,0,0,0,0,0,0,0,0,0,0,0,0,0,0,0,0,0,0,0,0,0,1,0,0,0,0,0,0,0,0,0,0,0,0,0,0,0,0,0,0,0,0,0,0,0,0,0,0,0,0,0,0,0,0,0,0,0,0,0,0,0,0,0,0,0,0,0,0,0,0,0,1,0,0,0,0,0,0,0,0,0,0,0,0,0,0,0,0,0,0,0,0,0,0,0,0,0,0,0,0,0,0,0,0,0,0,0,0,0,0,0,0,0,0,0,0,0,0,0,0,0,0,0,0,0,0,0,0,0,0,0,0,0,0,0,0,0,0,0,0,0,0,0,0,0,0,0,0,0
Salesforce Solutions Architect,https://www.tecnoempleo.com/salesforce-solutions-architect-plexus/salesforce/rf-47e815d6a26833620242,2025-02-14 10:03:03,14/02/2025Nueva,100% En remoto,España,Arquitecto TIC,Jornada completa,3 años,Indefinido,,No especificado,No especificado,No especificado,,,,Empleado,0,,,,,,,,,,,,,,,No especificado,,,,,,,,,,,,,,,,,,,,,,,,,,,,,,,0,0,1,0,0,0,0,0,0,0,0,0,0,0,0,0,0,0,0,0,0,0,0,0,0,0,0,0,0,0,0,0,0,0,0,0,0,0,0,0,0,0,0,0,0,0,0,0,0,0,0,0,0,0,0,0,0,0,0,0,0,0,0,0,0,0,0,0,0,0,0,0,0,0,0,0,0,0,0,0,0,0,0,0,0,0,0,0,0,0,0,0,0,0,0,0,0,0,0,0,0,0,0,0,0,0,0,0,0,0,0,0,0,0,0,0,0,0,0,0,0,0,0,0,0,0,0,0,0,0,0,0,0,0,0,0,0,0,0,0,0,0,0,0,0,0,0,0,0,0,0,0,0,0,0,0,0,0,0,0,0,0,0,0,0,0,0,0,0,0,0,0,0,0,0,0,0,0,0,0,0,0,0,0,0,0,0,0,0,0,0,0,0,0,0,0,0,0,0
BI Consultant/Engineer,https://www.tecnoempleo.com/bi-consultant-engineer-plexus/bi-sql/rf-5ce519940287e31fc84b,2025-02-14 10:03:03,14/02/2025Nueva,100% En remoto,,Consultor,Jornada completa,3 años,Indefinido,,No especificado,No especificado,No especificado,,,,Empleado,0,,,,,,,,,,,,,,No especificado,,,,,,,,,,,,,,,,,,,,,,,,,,,,,,,,0,0,0,0,0,0,0,0,0,0,0,0,0,0,0,0,0,0,0,0,0,0,0,0,0,0,0,0,0,0,0,0,0,0,0,0,0,0,0,0,0,0,0,0,0,0,0,0,0,0,0,0,0,0,1,0,0,0,0,0,0,0,0,0,0,0,0,0,0,0,0,0,0,0,0,0,0,0,0,0,0,0,0,0,0,0,0,0,0,0,0,0,0,0,0,0,0,0,0,0,0,0,0,0,0,0,0,0,0,0,0,0,0,0,0,0,0,0,0,0,0,0,0,0,0,0,0,0,0,0,0,0,0,0,0,0,0,0,0,0,1,0,0,0,0,0,0,0,0,0,0,0,0,0,0,0,0,0,0,0,0,0,0,0,0,0,0,0,0,0,0,0,0,0,0,0,0,0,0,0,0,0,0,0,0,0,0,0,0,0,0,0,0,0,0,0,0,0,0
AWS Architect,https://www.tecnoempleo.com/aws-architect-deloitte/aws/rf-0b271055d22d83dc584c,2025-02-14 10:03:03,14/02/2025Nueva,Madrid- España,,Arquitecto TIC,Jornada completa,2 años,Indefinido,,No especificado,No especificado,No especificado,,,,Empleado,1,,,,,,,,,,,,,,,,No especificado,,,,,,,,,,,,,,,,,,,,,,,,,,,,,,0,0,0,0,0,0,0,0,0,0,0,0,0,0,0,0,0,0,0,0,0,0,0,0,0,0,0,0,0,0,0,0,0,0,0,0,0,0,0,0,0,0,0,0,0,0,0,0,0,0,0,0,0,0,0,0,1,0,0,0,0,0,0,0,0,0,0,0,0,0,0,0,0,0,0,0,0,0,0,0,0,0,0,0,0,0,0,0,0,0,0,0,0,0,0,0,0,0,0,0,0,0,0,0,0,0,0,0,0,0,0,0,0,0,0,0,0,0,0,0,0,0,0,0,0,0,0,0,0,0,0,0,0,0,0,0,0,0,0,0,0,0,0,0,0,0,0,0,0,0,0,0,0,0,0,0,0,0,0,0,0,0,0,0,0,0,0,0,0,0,0,0,0,0,0,0,0,0,0,0,0,0,0,0,0,0,0,0,0,0,0,0,0,0,0,0,0,0,0
Azure Architect,https://www.tecnoempleo.com/azure-architect-deloitte/azure-sql-ci-cd-terraform/rf-d2561486722533c2cf41,2025-02-14 10:03:03,14/02/2025Nueva,Madrid- España,,Arquitecto TIC,Jornada completa,3 años,Indefinido,,No especificado,No especificado,No especificado,,,,Empleado,0,,,,,,,,,,,,,,,,,No especificado,,,,,,,,,,,,,,,,,,,,,,,,,,,,,0,0,0,0,0,0,0,0,0,0,0,0,0,0,0,0,0,0,0,0,0,0,0,0,0,0,0,0,0,0,0,0,0,0,0,0,0,0,1,0,0,0,0,0,0,0,0,0,0,0,0,0,0,0,1,0,0,0,0,0,0,0,0,0,0,0,0,0,0,0,0,0,0,0,0,0,0,0,0,0,0,0,0,1,0,0,0,0,0,0,0,0,0,0,0,0,0,0,0,0,0,0,0,0,0,0,0,0,0,0,0,0,0,0,0,0,0,0,0,0,0,0,0,0,0,0,0,0,0,0,0,0,1,0,0,0,0,0,0,0,0,0,0,0,0,0,0,0,0,0,0,0,0,0,0,0,0,0,0,0,0,0,0,0,0,0,0,0,0,0,0,0,0,0,0,0,0,0,0,0,0,0,0,0,0,0,0,0,0,0,0,0,0,0,0,0,0,0,0
Senior Site Reliability Engineer,https://www.tecnoempleo.com/senior-site-reliability-engineer-oracle/linux-terraform/rf-716d1266d2a0834a394a,2025-02-14 10:03:03,14/02/2025Nueva,Madrid- España,,Técnico de Sistemas,Jornada completa,Más de 5 años,Indefinido,,No especificado,No especificado,No especificado,,,,Empleado,0,,,,,,,,,,,,,,,,,,No especificado,,,,,,,,,,,,,,,,,,,,,,,,,,,,0,0,0,0,0,0,0,0,0,0,0,0,0,0,0,0,0,0,0,0,0,0,0,0,0,0,0,0,0,0,0,0,0,0,0,0,0,0,0,0,0,0,0,0,0,0,0,0,0,0,0,0,0,0,0,0,0,0,0,0,0,0,0,0,0,0,0,0,0,0,0,0,0,0,0,0,0,0,0,0,0,0,0,1,0,0,0,0,0,0,0,0,0,0,0,0,0,0,0,0,0,0,0,0,0,0,0,0,0,0,0,0,0,0,0,0,0,0,0,0,0,0,0,0,0,0,0,0,0,0,0,0,0,0,0,0,0,0,0,0,0,0,0,0,0,0,0,0,0,0,0,0,0,0,0,0,0,0,0,0,0,0,0,0,0,0,0,0,0,1,0,0,0,0,0,0,0,0,0,0,0,0,0,0,0,0,0,0,0,0,0,0,0,0,0,0,0,0,0
Senior Manager of UX Research,https://www.tecnoempleo.com/senior-manager-of-ux-research-oracle/ux-agile/rf-b99d139c722f13285f4e,2025-02-14 10:03:04,14/02/2025Nueva,Barcelona- España,,Jefe de Equipo,Jornada completa,Más de 5 años,Indefinido,,No especificado,No especificado,No especificado,,,,Empleado,0,,,,,,,,,,,,,,,,,,,No especificado,,,,,,,,,,,,,,,,,,,,,,,,,,,0,0,0,0,0,0,0,0,0,0,0,0,0,0,0,0,0,0,0,0,0,0,0,0,0,0,0,0,0,0,0,0,0,0,0,0,0,0,0,0,0,0,0,0,0,0,0,0,0,0,0,0,0,0,0,0,0,0,0,0,0,0,0,0,0,0,0,0,0,0,0,0,0,0,0,0,0,0,0,0,0,0,0,0,0,0,0,0,0,0,0,0,0,0,0,0,0,0,0,0,0,0,0,0,0,0,0,0,0,0,0,0,0,0,0,0,0,0,0,0,0,0,0,0,0,0,0,0,0,0,0,0,0,0,0,0,0,0,0,0,0,0,1,0,0,0,0,0,1,0,0,0,0,0,0,0,0,0,0,0,0,0,0,0,0,0,0,0,0,0,0,0,0,0,0,0,0,0,0,0,0,0,0,0,0,0,0,0,0,0,0,0,0,0,0,0,0,0,0
Principal Software Developer Java,https://www.tecnoempleo.com/principal-software-developer-java-madrid/java-net-c/rf-abbc13db122f43058844,2025-02-14 10:03:04,14/02/2025Nueva,Madrid- España,,Programador,Jornada completa,Más de 5 años,Indefinido,,No especificado,No especificado,No especificado,,,,Empleado,0,,,,,,,,,,,,No especificado,,,,,,,,,,,,,,,,,,,,,,,,,,,,,,,,,,0,0,0,0,0,0,0,0,0,0,0,0,0,0,0,0,0,0,0,0,0,0,0,0,0,0,0,0,0,0,0,0,0,0,0,0,0,0,0,0,0,0,0,0,0,0,0,0,0,0,0,0,0,0,0,0,0,0,0,0,0,0,0,0,0,0,0,0,0,0,0,0,0,0,0,0,0,0,0,0,0,0,0,0,0,0,0,0,0,1,0,0,0,0,0,0,0,0,0,0,0,0,0,0,0,0,0,0,0,0,0,0,0,0,0,0,0,0,0,0,0,0,0,0,0,0,0,0,0,0,1,0,0,0,0,0,0,0,0,0,0,0,0,0,0,0,0,0,0,0,0,0,0,0,0,0,0,0,0,0,0,0,0,0,0,0,0,0,0,0,0,0,0,0,0,0,0,0,0,0,0,0,0,0,0,0,0,0,0,0,1,0,0,0,0,0,0,0,0
Senior Applications Engineer,https://www.tecnoempleo.com/senior-applications-engineer-madrid/java-c/rf-ad3b12c2b23f13c20848,2025-02-14 10:03:04,14/02/2025Nueva,Madrid- España,,Programador,Jornada completa,3-5 años,Indefinido,,No especificado,No especificado,No especificado,,,,Empleado,0,,,,,,,,,,,,No especificado,,,,,,,,,,,,,,,,,,,,,,,,,,,,,,,,,,0,0,0,0,0,0,0,0,0,0,0,0,0,0,0,0,0,0,0,0,0,0,0,0,0,0,0,0,0,0,0,0,0,0,0,0,0,0,0,0,0,0,0,0,0,0,0,0,0,0,0,0,0,0,0,0,0,0,0,0,0,0,0,0,0,0,0,0,0,0,0,0,0,0,0,0,0,0,0,0,0,0,0,0,0,0,0,0,0,1,0,0,0,0,0,0,0,0,0,0,0,0,0,0,0,0,0,0,0,0,0,0,0,0,0,0,0,0,0,0,0,0,0,0,0,0,0,0,0,0,1,0,0,0,0,0,0,0,0,0,0,0,0,0,0,0,0,0,0,0,0,0,0,0,0,0,0,0,0,0,0,0,0,0,0,0,0,0,0,0,0,0,0,0,0,0,0,0,0,0,0,0,0,0,0,0,0,0,0,0,0,0,0,0,0,0,0,0,0
Senior Principal Software Engineer,https://www.tecnoempleo.com/senior-principal-software-engineer-oracle/java-c/rf-16181ee8822dd35a214e,2025-02-14 10:03:04,14/02/2025Nueva,Madrid- España,,Programador,Jornada completa,Más de 10 años,Indefinido,,No especificado,No especificado,No especificado,,,,Empleado,0,,,,,,,,,,,,No especificado,,,,,,,,,,,,,,,,,,,,,,,,,,,,,,,,,,0,0,0,0,0,0,0,0,0,0,0,0,0,0,0,0,0,0,0,0,0,0,0,0,0,0,0,0,0,0,0,0,0,0,0,0,0,0,0,0,0,0,0,0,0,0,0,0,0,0,0,0,0,0,0,0,0,0,0,0,0,0,0,0,0,0,0,0,0,0,0,0,0,0,0,0,0,0,0,0,0,0,0,0,0,0,0,0,0,1,0,0,0,0,0,0,0,0,0,0,0,0,0,0,0,0,0,0,0,0,0,0,0,0,0,0,0,0,0,0,0,0,0,0,0,0,0,0,0,0,1,0,0,0,0,0,0,0,0,0,0,0,0,0,0,0,0,0,0,0,0,0,0,0,0,0,0,0,0,0,0,0,0,0,0,0,0,0,0,0,0,0,0,0,0,0,0,0,0,0,0,0,0,0,0,0,0,0,0,0,0,0,0,0,0,0,0,0,0
Service Ops Major Incident Manager,https://www.tecnoempleo.com/service-ops-major-incident-manager-aristocrat/itil-linux-windows-sql/rf-13451ce76231238e3543,2025-02-14 10:03:04,14/02/2025Nueva,Sofia -Bulgaria- Bulgaria,,Consultor,Jornada completa,3 años,Indefinido,,No especificado,No especificado,No especificado,,,,Empleado,0,,,,,,,,,,,,,,No especificado,,,,,,España,España,,,,,,,,,,,,,,,,,,,,,,,,,0,0,0,0,0,0,0,0,0,0,0,0,0,0,0,0,0,0,0,0,0,0,0,0,0,0,0,0,0,0,0,0,0,0,0,0,0,0,0,0,0,0,0,0,0,0,0,0,0,0,0,0,0,0,1,0,0,0,0,0,0,0,0,0,0,0,0,0,0,0,0,0,0,0,0,0,0,0,0,0,0,0,0,0,0,0,0,0,0,0,0,0,0,0,0,1,0,0,0,0,0,0,0,0,0,0,0,0,0,0,0,0,0,0,0,0,0,0,0,0,0,0,0,0,0,0,0,0,0,0,0,0,0,0,0,0,0,0,0,0,0,1,0,0,0,0,0,0,0,0,0,0,0,0,0,0,0,0,0,0,0,0,0,0,0,0,0,0,0,1,0,0,0,0,0,0,0,0,0,0,0,0,0,0,0,0,0,0,0,0,0,0,0,0,0,0,0,0,0
Junior Animator,https://www.tecnoempleo.com/junior-animator-aristocrat/spine-2d/rf-f07f189e9210a3f2e948,2025-02-14 10:03:05,14/02/2025Nueva,Warsaw -Polonia- Polonia,,Diseño gráfico,Jornada completa,2 años,Indefinido,,No especificado,No especificado,No especificado,,,,Empleado,0,,,,,,,,,,,,,,,,,,,,España,España,No especificado,,,,,,,,,,,,,,,,,,,,,,,,0,0,0,0,0,0,0,0,0,0,0,0,0,0,0,0,0,0,0,0,0,0,0,0,0,0,0,0,0,0,0,0,0,0,0,0,0,0,0,0,0,0,0,0,0,0,0,0,0,0,0,0,0,0,0,0,0,0,0,0,0,0,0,0,0,0,0,0,0,0,0,0,0,0,0,0,0,0,0,0,0,0,0,0,0,0,0,0,0,0,0,0,0,0,0,0,0,0,0,0,0,0,0,0,0,0,0,0,0,0,0,0,0,0,0,0,0,0,0,0,0,0,0,0,0,0,0,0,0,0,0,0,0,0,0,0,0,0,0,0,0,0,0,0,0,0,0,0,0,0,0,0,0,0,0,0,0,0,0,0,1,0,0,0,0,0,0,0,0,0,0,0,0,0,0,0,0,0,0,0,0,0,0,0,0,0,0,0,0,0,0,0,0,0,0,0,0,0,0
.Net Developer,https://www.tecnoempleo.com/net-developer-aristocrat/net-asp-net-mvc-javascript/rf-8dbc1d89223993bff54f,2025-02-14 10:03:05,14/02/2025Nueva,Bitola -Rep. De MacedoniaRep. De Macedonia,,Programador,Jornada completa,Más de 5 años,Indefinido,,No especificado,No especificado,No especificado,,,,Empleado,0,,,,,,,,,,,,No especificado,,,,,,,,España,España,,,,,,,,,,,,,,,,,,,,,,,,,0,0,0,0,0,0,0,0,0,0,0,0,0,0,0,0,0,0,0,0,0,0,0,0,0,0,0,0,0,0,0,0,0,0,0,0,0,0,0,0,0,0,0,0,0,0,0,0,0,0,0,0,0,0,0,0,0,0,0,0,0,0,0,0,0,0,0,0,0,0,0,0,0,0,0,0,0,0,0,0,0,0,0,0,0,0,0,0,1,0,0,0,0,0,0,0,0,0,0,0,0,0,0,0,0,0,0,0,0,0,0,0,0,0,0,0,0,0,0,0,0,0,0,0,0,0,0,0,0,0,0,1,0,0,0,0,0,0,0,0,0,0,0,0,0,0,0,0,0,0,0,0,0,0,0,0,0,0,0,0,0,0,0,0,0,0,0,0,0,0,0,0,0,0,0,0,0,0,0,0,0,1,0,0,0,0,0,0,0,0,0,0,0,0,0,0,0,0,0
QA engineer,https://www.tecnoempleo.com/qa-engineer-aristocrat/qa-testrail-typescript/rf-045112e0a208f3c6034f,2025-02-14 10:03:05,14/02/2025Nueva,Skopje -Rep. De MacedoniaRep. De Macedonia,,Tester,Jornada completa,3-5 años,Indefinido,,No especificado,No especificado,No especificado,,,,Empleado,0,,,,,,,,,,,,,,,,,,,,España,España,,No especificado,,,,,,,,,,,,,,,,,,,,,,,0,0,0,0,0,0,0,0,0,0,0,0,0,0,0,0,0,0,0,0,0,0,0,0,0,0,0,0,0,0,0,0,0,1,0,0,0,0,0,0,0,0,0,0,0,0,0,0,0,0,0,0,0,0,0,0,0,0,0,0,0,0,0,0,0,0,0,0,0,0,0,0,0,0,0,0,0,0,0,0,0,0,0,0,0,0,0,0,0,0,0,0,0,0,0,0,1,1,0,0,0,0,0,0,0,0,0,0,0,0,0,0,0,0,0,0,0,0,0,0,0,0,0,0,0,0,0,0,0,0,0,0,0,0,0,0,0,0,0,0,0,0,0,0,0,0,0,0,0,0,0,0,0,0,0,0,0,0,0,0,0,0,0,0,0,0,0,0,0,0,0,0,0,0,0,0,0,0,0,0,0,0,0,0,0,0,0,0,0,0,0,0,0,0,0,0,0,0,0
Formador/a en nuevas tecnologías,https://www.tecnoempleo.com/formador-en-nuevas-tecnologias-grupo-sermicro/formacion/rf-c03d1e3642c803677644,2025-02-14 10:03:05,14/02/2025Actualizada,Barcelona- España,Provincia Puesto,Formador,Jornada completa,2 años,Temporal,,No especificado,No especificado,No especificado,,Catalán (Alto),FP2/Grado Superior,Empleado,2,,,,,,,,,,,,,,,,,,,,,,,,No especificado,,,,,,,,,,,,,,,,,,,,,,0,0,0,0,0,0,0,0,0,0,0,0,0,0,0,0,0,0,0,0,0,0,0,0,0,0,0,0,0,0,0,0,0,0,0,0,0,0,0,0,0,0,0,0,0,0,0,0,0,0,0,0,0,0,0,0,0,0,0,0,0,0,0,0,0,0,0,0,0,0,0,0,0,0,0,0,0,0,0,0,0,0,0,0,0,0,0,0,0,0,0,0,0,0,0,0,0,0,0,0,0,0,0,0,0,0,0,0,0,0,0,0,0,0,0,0,0,0,0,0,0,0,0,0,0,0,0,0,0,0,0,0,0,0,0,0,0,0,0,0,0,0,0,0,0,0,0,0,0,0,0,0,0,0,0,0,0,0,0,0,0,0,0,0,0,0,0,0,0,0,0,0,0,0,0,0,0,0,0,0,0,0,1,0,0,0,0,0,0,0,0,0,0,0,0,0,0,0,0
Formador/a en nuevas tecnologías,https://www.tecnoempleo.com/formador-en-nuevas-tecnologias-grupo-sermicro/formacion/rf-d5f01c8f529f131ba24e,2025-02-14 10:03:05,14/02/2025Actualizada,Barcelona- España,Provincia Puesto,Formador,Jornada completa,2 años,Temporal,,No especificado,No especificado,No especificado,,Catalán (Alto),FP2/Grado Superior,Empleado,5,,,,,,,,,,,,,,,,,,,,,,,,No especificado,,,,,,,,,,,,,,,,,,,,,,0,0,0,0,0,0,0,0,0,0,0,0,0,0,0,0,0,0,0,0,0,0,0,0,0,0,0,0,0,0,0,0,0,0,0,0,0,0,0,0,0,0,0,0,0,0,0,0,0,0,0,0,0,0,0,0,0,0,0,0,0,0,0,0,0,0,0,0,0,0,0,0,0,0,0,0,0,0,0,0,0,0,0,0,0,0,0,0,0,0,0,0,0,0,0,0,0,0,0,0,0,0,0,0,0,0,0,0,0,0,0,0,0,0,0,0,0,0,0,0,0,0,0,0,0,0,0,0,0,0,0,0,0,0,0,0,0,0,0,0,0,0,0,0,0,0,0,0,0,0,0,0,0,0,0,0,0,0,0,0,0,0,0,0,0,0,0,0,0,0,0,0,0,0,0,0,0,0,0,0,0,0,1,0,0,0,0,0,0,0,0,0,0,0,0,0,0,0,0
Consultor SAP Ariba SLP,https://www.tecnoempleo.com/consultor-sap-ariba-slp-cas-training/sap-hana/rf-944d12b7520d63702c44,2025-02-14 10:03:06,14/02/2025Actualizada,100% En remoto,,Analista,Jornada completa,3-5 años,Indefinido,33.000 € - 42.000 € Bruto/año,No especificado,No especificado,No especificado,,,Licenciado,Especialista,5,,,,,,,,,,,,,,,,,,,,,,,,,No especificado,,,,,,,,,,,,,,,,,,,,,0,0,0,0,0,0,0,0,0,0,0,0,0,0,0,1,0,0,0,0,0,0,0,0,0,0,0,0,0,0,0,0,0,0,0,0,0,0,0,0,0,0,0,0,0,0,0,0,0,0,0,0,0,0,0,0,0,0,0,0,0,0,0,0,0,0,0,0,0,0,0,1,0,0,0,0,0,0,0,0,0,0,0,0,0,0,0,0,0,0,0,0,0,0,0,0,0,0,0,0,0,0,0,0,0,0,0,0,0,0,0,0,0,0,0,0,0,0,0,0,0,0,0,0,0,0,0,0,0,0,0,0,0,0,0,0,0,0,0,0,0,0,0,0,0,0,0,0,0,0,0,0,0,0,0,0,0,0,0,0,0,0,0,0,0,0,0,0,0,0,0,0,0,0,0,0,0,0,0,0,0,0,0,0,0,0,0,0,0,0,0,0,0,0,0,0,0,0,0
Analista Programador/a Liferay,https://www.tecnoempleo.com/analista-programador-liferay-serem/liferay-java-javascript/rf-a0bb189a024bf387ca4b,2025-02-14 10:03:06,14/02/2025Actualizada,Arganda -Madrid(Híbrido),,Analista Programador,Jornada completa,2 años,Indefinido,,No especificado,No especificado,No especificado,,,FP2/Grado Superior,Empleado,23,,Guadalajara y Toledo,,,,,,,,,,,,,,,,,,,,,,,,No especificado,,,,,,,,,,,,,,,,,,,,0,0,0,0,0,0,0,0,0,0,0,0,1,0,0,0,0,0,0,0,0,0,0,0,0,0,0,0,0,0,0,0,0,0,0,0,0,0,0,0,0,0,0,0,0,0,0,0,0,0,0,0,0,0,0,0,0,0,0,0,0,0,0,0,0,0,0,0,0,0,0,0,0,0,0,0,0,0,0,0,0,0,0,0,0,0,0,0,0,0,0,0,0,0,0,0,0,0,0,0,0,0,0,0,0,0,0,0,0,0,0,0,0,0,0,0,0,0,0,0,0,0,0,0,0,0,0,0,0,0,1,0,0,0,0,0,0,0,0,0,0,0,0,0,0,0,0,0,0,0,0,0,0,0,0,0,0,0,0,0,0,0,0,0,0,0,0,0,0,0,0,0,0,0,0,0,0,0,0,0,0,0,0,0,0,0,0,0,0,0,0,0,0,0,0,1,0,0,0
Consultor/a Microstrategy,https://www.tecnoempleo.com/consultor-microstrategy-serem/microstrategy/rf-9f7e156ce21cd3e27542,2025-02-14 10:03:06,14/02/2025Actualizada,Barcelona(Híbrido),España,Consultor,Jornada completa,3 años,Indefinido,,No especificado,No especificado,No especificado,,Inglés (Alto),FP2/Grado Superior,Empleado,9,,"Girona, Lleida, Tarragona y Zaragoza",,,,,,,,,,,,No especificado,,,,,,,,,,,,,,,,,,,,,,,,,,,,,,,,0,0,0,0,0,0,0,0,0,0,0,0,0,0,0,0,0,0,0,0,0,0,0,0,0,0,0,0,0,0,0,0,0,0,0,0,0,0,0,0,0,0,0,0,0,0,0,0,0,0,0,0,0,0,0,0,0,0,0,0,0,0,0,0,0,0,0,0,0,0,0,0,0,0,0,0,0,0,0,0,0,0,0,0,0,0,0,0,0,0,0,0,0,0,0,0,0,0,0,0,0,0,0,0,0,0,0,0,0,0,0,0,0,0,0,0,0,0,0,0,0,0,0,0,0,0,0,0,0,0,0,0,0,0,0,0,0,0,0,0,0,0,0,0,0,0,0,0,0,0,0,0,0,0,0,0,0,0,0,0,0,0,0,0,0,0,0,0,0,0,0,0,0,0,0,0,0,0,0,0,0,0,0,0,0,0,0,0,0,0,0,1,0,0,0,0,0,0,0
Helpdesk 24*7,https://www.tecnoempleo.com/helpdesk-24-7-pss/soporte-scala-rest-excel-active-directory-helpdesk-ticke/rf-fa4113f20241338e8d45,2025-02-14 10:03:07,14/02/2025Actualizada,100% En remoto,,Helpdesk,Jornada completa,1 año,Indefinido,,No especificado,No especificado,No especificado,,Catalán (Alto),FP1,Empleado,318,,,,,,,,,,,,,,,,,,,,,,,,,,,No especificado,,,,,,,,,,,,,,,,,,,0,0,0,0,0,0,0,0,0,0,0,0,0,0,0,0,0,0,0,0,0,0,0,0,0,0,0,0,0,0,0,0,0,0,0,1,0,0,0,1,0,0,0,1,0,0,0,0,0,0,0,0,0,0,0,0,0,0,0,0,0,0,0,0,0,0,0,0,0,0,0,0,0,0,0,0,0,0,0,0,0,0,0,0,1,0,0,0,0,0,0,0,0,0,0,0,0,0,0,0,0,0,0,0,0,0,0,0,0,0,0,0,0,0,0,0,0,0,0,0,0,0,0,0,0,0,0,0,0,0,0,0,0,1,1,0,0,0,0,0,0,0,0,0,0,0,0,0,0,0,0,0,0,0,0,1,0,0,0,0,0,0,0,0,0,0,0,0,0,0,0,0,0,0,0,0,0,0,0,0,0,0,0,0,0,0,0,0,0,0,0,0,0,0,0,0,0,0,0
Business Analyst DATA CLOUD,https://www.tecnoempleo.com/business-analyst-data-cloud-cmv-consultores/data-cloud/rf-21011fb392f203874242,2025-02-14 10:03:07,14/02/2025Actualizada,Madrid(Híbrido),,Analista,Jornada completa,3 años,Indefinido,45.000 € - 54.000 € Bruto/año,No especificado,No especificado,No especificado,,Inglés (Alto),FP2/Grado Superior,Especialista,11,,,,,,,,,,,,,,,,,,,,,,,,,,,,No especificado,,,,,,,,,,,,,,,,,,0,0,0,0,0,0,0,0,0,0,0,0,0,0,0,0,0,0,0,0,0,0,0,0,0,0,0,0,0,0,0,0,0,0,0,0,0,0,0,0,0,0,0,0,0,0,0,0,0,0,0,0,0,0,0,0,0,0,0,0,0,0,0,0,0,0,0,1,0,0,0,0,0,0,0,0,0,0,0,0,0,0,0,0,0,0,0,0,0,0,0,0,0,0,0,0,0,0,0,0,0,1,0,0,0,0,0,0,0,0,0,0,0,0,0,0,0,0,0,0,0,0,0,0,0,0,0,0,0,0,0,0,0,0,0,0,0,0,0,0,0,0,0,0,0,0,0,0,0,0,0,0,0,0,0,0,0,0,0,0,0,0,0,0,0,0,0,0,0,0,0,0,0,0,0,0,0,0,0,0,0,0,0,0,0,0,0,0,0,0,0,0,0,0,0,0,0,0,0
Consultor/a Gestión de identidades,https://www.tecnoempleo.com/consultor-gestion-identidades-cmv-consultores/iam-pam-one-identity-safegua/rf-24191251a2afd34ac544,2025-02-14 10:03:07,14/02/2025Actualizada,Madrid(Híbrido),,Consultor,Jornada completa,3 años,Indefinido,,No especificado,No especificado,No especificado,,Inglés (Alto),FP2/Grado Superior,Especialista,9,,,,,,,,,,,,,,No especificado,,,,,,,,,,,,,,,,,,,,,,,,,,,,,,,,0,0,0,0,0,0,0,0,0,0,0,0,0,0,0,0,0,0,0,0,0,0,0,0,0,0,0,0,0,0,0,0,0,0,0,0,0,0,0,0,0,0,0,0,0,0,0,0,0,0,0,0,0,0,0,0,0,1,0,0,0,0,0,0,0,0,0,0,0,0,0,0,0,0,0,0,0,0,0,0,0,0,0,0,0,0,0,0,0,0,0,0,0,0,0,0,0,0,0,0,0,0,0,0,0,0,1,0,0,0,0,0,0,0,0,0,0,0,0,0,0,0,0,0,0,0,0,0,0,0,0,0,0,0,0,0,0,0,0,0,0,0,0,0,0,0,0,0,0,0,0,0,0,0,0,0,0,0,0,0,0,0,0,0,0,0,0,0,0,0,0,0,0,0,0,0,0,0,0,0,0,0,0,0,0,0,0,1,0,0,0,0,0,0,0,0,0,0,0
Técnico/a sistemas HP Nonstop,https://www.tecnoempleo.com/tecnico-sistemas-hp-nonstop-cmv-consultores/sql-c-nist-hp-nonstop/rf-e23315c412ccd3f0d843,2025-02-14 10:03:07,14/02/2025Actualizada,Barcelona(Presencial),,Técnico de Sistemas,Jornada completa,2 años,Indefinido,,No especificado,No especificado,No especificado,,,FP2/Grado Superior,Especialista,1,,,,,,,,,,,,,,,,,,No especificado,,,,,,,,,,,,,,,,,,,,,,,,,,,,0,0,0,0,0,0,0,0,0,0,0,0,0,0,0,0,0,0,0,0,0,0,0,0,0,0,0,0,0,0,0,0,0,0,0,0,0,0,0,0,0,0,0,0,0,0,0,0,0,0,0,0,0,0,0,0,0,0,0,0,0,0,0,0,0,0,0,0,0,0,0,0,0,0,0,0,0,0,0,0,0,0,0,0,0,0,0,0,0,0,0,0,0,0,0,0,0,0,0,0,0,0,0,0,0,0,0,0,0,0,0,0,0,0,0,0,0,0,0,0,0,0,0,0,0,0,0,1,0,0,0,0,0,0,0,0,0,0,0,0,0,0,0,0,0,0,0,0,0,0,0,1,0,0,0,0,0,0,0,0,0,0,0,0,0,0,0,0,0,0,0,0,0,0,0,0,0,0,0,0,0,0,0,0,1,0,0,0,0,0,0,0,0,0,0,0,0,0,0
Data Engineer (Azure),https://www.tecnoempleo.com/data-engineer-azure-cas-training/databricks-azure-synapse-datafactory-sql/rf-5a3813c5a2135390fb4e,2025-02-14 10:03:07,14/02/2025Actualizada,100% En remoto,,Analista,Jornada completa,3 años,Indefinido,33.000 € - 36.000 € Bruto/año,No especificado,No especificado,No especificado,,Inglés (Alto),"Otros títulos, certificaciones y carnets",Empleado,3,,,,,,,,,,,,,,,,,,,,,,,,,,,,,No especificado,,,,,,,,,,,,,,,,,0,0,0,0,0,0,0,0,0,0,0,0,0,0,0,0,0,0,0,0,0,0,0,0,0,0,0,0,0,0,0,0,0,0,0,0,0,0,0,0,0,0,0,0,0,0,0,0,0,0,0,0,0,0,1,0,0,0,0,0,0,0,0,0,0,0,0,0,0,0,0,0,0,0,0,0,0,0,0,0,0,0,0,0,0,0,0,0,0,0,0,0,0,0,0,0,0,0,0,0,0,0,0,0,0,0,0,0,0,0,0,0,0,0,0,0,0,0,0,0,0,0,0,0,0,0,0,0,0,1,0,0,0,0,0,0,0,0,0,0,0,0,0,0,0,0,0,1,0,1,0,0,0,0,0,0,1,0,0,0,0,0,0,0,0,0,0,0,0,0,0,0,0,0,0,0,0,0,0,0,0,0,0,0,0,0,0,0,0,0,0,0,0,0,0,0,0,0,0
Analista Java Spring Batch,https://www.tecnoempleo.com/analista-java-spring-batch-digital-talent-agency/java-git-spring-scrum-clo/rf-881e15baa23653728443,2025-02-14 10:03:08,14/02/2025Actualizada,100% En remoto,País Puesto,Analista,Jornada completa,3 años,Indefinido,,No especificado,No especificado,No especificado,,,FP2/Grado Superior,Especialista,9,,,,,,,,,,,,,,,,,,,,,,,,,,,,,,No especificado,,,,,,,,,,,,,,,,0,0,0,0,0,0,0,0,0,0,0,0,0,1,0,0,0,0,0,0,0,0,0,0,0,0,0,0,0,0,0,0,0,0,0,0,0,0,0,0,0,0,0,0,0,0,0,0,0,0,0,0,0,0,0,0,0,0,0,0,0,0,0,0,1,0,0,0,1,0,0,0,0,0,0,0,0,0,0,0,0,0,0,0,0,0,0,0,0,0,0,0,0,0,0,0,0,0,0,0,0,1,0,0,0,0,0,0,0,0,0,0,0,0,0,0,0,1,0,0,0,0,0,0,0,0,0,0,0,0,1,0,0,0,0,0,0,0,0,0,0,0,0,0,0,0,0,0,0,0,0,0,0,0,0,0,0,0,0,0,0,0,0,0,0,0,0,0,0,0,0,0,0,0,0,0,0,0,0,0,0,0,0,0,0,0,0,0,0,0,0,0,0,0,0,0,0,0,0
Ingeniero/a JAVA-PYTHON. Experiencia IA,https://www.tecnoempleo.com/ingeniero-java-python-experiencia-ia-digital-talen/java-python-typescript-/rf-b6fa1b9df2bb33ba0c48,2025-02-14 10:03:08,14/02/2025Actualizada,100% En remoto,País Puesto,Analista Programador,Jornada completa,3-5 años,Indefinido,36.000 € - 60.000 € Bruto/año,No especificado,No especificado,No especificado,,,FP2/Grado Superior,Especialista,15,,,,,,,,,,,,,,,,,,,,No especificado,No especificado,,,,,,,,,,No especificado,,,,,,,,,,,,,,,0,0,0,0,0,0,0,0,0,0,0,0,0,0,0,0,0,0,0,0,0,0,0,0,0,0,1,0,0,0,0,0,0,0,0,0,0,0,0,0,0,0,0,0,0,0,0,0,0,0,0,0,0,0,0,0,0,0,0,0,0,0,0,0,0,0,0,0,0,0,0,0,0,0,0,0,0,0,0,0,0,0,0,0,0,0,0,0,0,0,1,0,0,0,0,0,0,0,0,0,0,0,0,0,0,0,0,0,0,0,0,0,0,0,0,0,0,0,0,0,0,0,0,1,0,0,0,0,0,0,1,0,0,0,0,0,0,0,0,0,0,0,0,0,1,1,0,0,0,0,0,0,0,0,0,0,0,0,0,0,0,0,0,0,0,0,0,0,0,0,0,0,0,0,0,0,0,0,0,0,0,0,0,0,0,0,0,0,0,1,0,0,0,0,0,0,0,0,0
"Desarrollador/a JAVA +11, SQL, GIT, SQL",https://www.tecnoempleo.com/desarrollador-java-11-sql-git-sql-digital-talent-a/java-j2ee-spring-sql-gi/rf-182d1bde629d83eebd41,2025-02-14 10:03:08,14/02/2025Actualizada,100% En remoto,País Puesto,Programador,Jornada completa,3-5 años,Indefinido,36.000 € - 45.000 € Bruto/año,No especificado,No especificado,No especificado,,,FP2/Grado Superior,Empleado,21,,,,,,,,,,,,No especificado,,,,,,,,,,,,,,,,,,,,,,,,,,,,,,,,,,0,0,0,0,0,0,0,0,0,0,0,0,0,1,0,0,0,0,0,0,0,0,0,0,0,0,0,0,0,0,0,0,0,0,0,0,0,0,0,0,0,0,0,0,0,0,0,0,0,0,0,0,0,0,0,0,0,0,0,0,0,0,0,0,0,0,0,0,0,0,0,0,0,0,0,0,0,0,0,0,0,0,0,0,0,0,0,0,0,0,0,0,1,0,0,0,0,0,0,0,0,0,0,0,0,0,0,0,0,0,0,0,0,0,0,0,0,1,0,0,1,0,0,0,0,0,0,1,0,0,1,0,0,0,0,0,0,0,0,0,0,0,0,0,0,0,0,0,0,0,0,0,0,0,0,0,0,0,0,0,0,0,0,0,0,0,0,0,0,0,0,0,0,0,0,0,0,1,0,0,0,0,0,0,0,1,0,0,0,0,0,0,0,0,0,0,0,0,0
Desarrollador/a Backend Java Spring,https://www.tecnoempleo.com/desarrollador-backend-java-spring-digital-talent-a/java-spring-api-jira-ag/rf-252e1513926bb323cb44,2025-02-14 10:03:08,14/02/2025Actualizada,100% En remoto,País Puesto,Programador,Jornada completa,1 año,Indefinido,24.000 € - 33.000 € Bruto/año,No especificado,No especificado,No especificado,,,FP2/Grado Superior,Especialista,38,,,,,,,,,,,,No especificado,,,,,,,,,,,,,,,,,,,,,,,,,,,,,,,,,,0,0,0,0,0,0,0,0,0,0,0,0,0,1,0,0,0,0,0,0,0,0,0,0,0,0,0,0,0,0,0,0,0,0,0,0,0,0,0,0,0,0,0,1,0,0,0,0,0,0,0,0,0,0,0,1,0,0,0,0,0,0,0,0,0,0,0,0,1,0,0,0,0,0,0,0,0,0,0,0,0,0,0,0,0,0,0,0,0,0,0,0,0,0,0,0,0,0,0,0,0,0,0,0,0,0,0,0,1,0,0,0,0,0,0,0,0,0,0,0,0,0,0,0,0,0,0,0,0,0,1,0,0,0,0,0,0,0,0,0,0,0,1,0,0,0,0,0,0,0,0,0,0,0,0,0,0,0,0,0,0,0,0,0,0,0,0,0,0,0,0,0,0,0,0,0,0,0,1,0,0,0,0,0,0,0,0,0,0,0,0,0,0,0,0,0,0,0,0
BackEnd Developers Java,https://www.tecnoempleo.com/backend-developers-java-bcnc-group/java-scrum-spring-framework-jira-conflu/rf-02061e855228e3409847,2025-02-14 10:03:08,14/02/2025Actualizada,100% En remoto,,Analista Programador,Jornada completa,Más de 5 años,Indefinido,,No especificado,No especificado,No especificado,,Inglés (Medio),Ingeniero Técnico,Empleado,483,,,,,,5,Flexibilidad Horaria,,,,,,,,,,,,,,,,,,,No especificado,,,,,,,,,,,,,,,,,,,,0,0,0,0,0,0,0,0,0,0,0,0,0,0,0,0,0,0,0,0,0,0,0,0,0,0,0,0,0,0,0,0,0,0,0,0,0,0,0,0,0,0,0,0,0,0,0,1,0,0,1,0,0,1,0,0,0,0,0,0,0,0,0,0,0,0,0,0,0,0,0,0,0,0,0,0,0,0,0,0,0,0,0,0,0,0,0,0,0,0,0,0,0,0,0,0,0,0,0,0,1,0,0,0,0,0,0,0,0,1,0,0,0,0,0,0,1,0,0,0,0,0,0,0,0,0,0,0,1,0,0,0,0,0,0,0,1,0,0,0,0,0,0,0,0,0,1,0,0,0,0,0,1,0,0,0,0,0,0,0,0,0,0,0,0,0,0,1,0,0,0,1,0,0,0,0,0,0,0,0,1,0,0,0,0,0,0,0,0,0,0,0,0,0,0,0,0,0,0
Desarrollador Backend Java (100% remoto),https://www.tecnoempleo.com/desarrollador-backend-java-100-remoto-bcnc-group/java-ddd-spring-openapi-a/rf-dac616608239133a6d41,2025-02-14 10:03:09,14/02/2025Actualizada,100% En remoto,España,Analista Programador,Jornada completa,Más de 5 años,Indefinido,,No especificado,No especificado,No especificado,,Español (Excelente),Ingeniero Superior,Empleado,223,,,,,,2,"Guardería, Restaurante, Transporte, Formación",,,,,,,,,,,,,,,,,,,No especificado,,,,,,,,,,,,,,,,,,,,0,0,0,0,1,0,0,0,0,0,0,0,0,0,0,0,0,0,1,1,0,1,0,0,0,0,0,0,0,0,0,1,0,0,0,0,0,0,0,0,0,0,0,0,0,0,0,1,0,0,0,0,0,1,0,0,0,0,0,0,0,0,1,0,0,0,0,0,0,0,0,0,0,0,0,0,0,0,0,0,0,0,0,0,0,0,0,0,0,0,0,0,0,0,0,0,0,0,0,0,0,0,0,0,1,0,0,1,0,0,0,0,1,0,0,0,0,0,0,0,0,0,0,0,1,0,1,0,0,0,0,0,0,0,0,0,1,1,0,0,0,0,0,0,0,0,0,0,0,0,0,0,0,1,0,0,0,0,0,0,0,0,0,0,0,1,0,0,0,0,1,0,0,0,0,0,0,0,0,0,0,0,0,0,0,0,0,0,0,0,0,0,0,0,0,0,0,0,0
Api Design/Support Engineer,https://www.tecnoempleo.com/api-design-support-engineer-bcnc-group/api-rest-swagger-openapi-tcp-ip-red/rf-5b9918dfc2df4344c84f,2025-02-14 10:03:09,14/02/2025Actualizada,100% En remoto,España,Analista Programador,Jornada completa,2 años,Indefinido,,No especificado,No especificado,No especificado,,Inglés (Alto),Ingeniero Superior,Empleado,16,,,,,,,"Retribución flexible, remoto, formación.",,,,,,,,,,,,,,,,,,,,,,,,,No especificado,,,,,,,,,,,,,,0,0,0,0,0,0,1,0,1,0,0,0,0,0,0,0,1,0,0,0,0,0,0,0,0,0,0,1,0,0,0,0,0,0,0,0,0,1,0,0,0,0,0,0,0,0,0,0,0,0,0,0,0,0,0,0,1,0,0,0,0,1,0,0,0,0,0,0,0,0,0,0,0,0,0,0,0,0,0,0,0,0,0,0,0,0,0,0,0,0,0,0,0,1,0,0,0,0,0,0,0,0,0,0,0,0,0,0,0,0,0,0,0,0,0,0,0,0,0,0,0,0,0,0,0,1,0,0,0,0,0,0,0,0,0,0,0,0,1,0,0,0,0,0,0,0,1,1,0,0,0,0,0,0,0,0,0,0,0,0,0,0,0,0,0,0,0,0,0,0,0,0,0,0,0,0,0,0,0,0,0,0,0,0,0,0,0,0,0,0,0,0,0,0,0,0,0,1,0
Jefe/a de proyecto JAVA y/o .NET,https://www.tecnoempleo.com/jefe-proyecto-java-y-o-net-digital-talent-agency/java-net-itil-scrum-pmp/rf-5eb5162fe240039a9f4a,2025-02-14 10:03:09,14/02/2025Actualizada,Madrid(Híbrido),País Puesto,Jefe de Proyecto,Jornada completa,Más de 5 años,Indefinido,36.000 € - 48.000 € Bruto/año,No especificado,No especificado,No especificado,,,Grado EEES (Bolonia),Especialista,0,,,,,,,,,,,,,,,,,,,,,,,,,,,,,,,,,No especificado,,,,,,,,,,,,,0,0,0,0,0,0,0,0,0,0,0,0,0,0,0,0,0,0,0,0,0,0,0,0,0,0,0,0,0,0,0,0,0,0,0,0,0,0,0,0,0,0,0,0,0,0,0,0,0,0,0,0,0,0,0,0,0,0,1,0,0,0,0,0,0,0,0,0,1,0,0,0,0,0,0,0,0,0,0,0,0,0,0,0,0,0,0,0,1,0,0,0,0,0,0,0,0,0,0,0,0,0,0,0,0,0,0,0,0,0,0,0,0,0,0,0,0,0,0,0,0,0,0,0,0,0,0,0,0,0,1,0,0,0,0,0,0,0,0,0,0,0,0,1,0,0,0,0,0,0,0,0,0,0,0,0,0,0,0,0,0,0,0,0,0,0,0,0,0,0,0,0,0,0,0,0,0,0,0,0,0,0,0,0,0,0,0,0,0,0,0,0,0,0,0,0,0,0,0
Coordinador/a Proyectos-Servicios Java,https://www.tecnoempleo.com/coordinador-proyectos-servicios-java-digital-talen/java-sql-aws-git-api-ji/rf-2311108812a9930b4842,2025-02-14 10:03:09,14/02/2025Actualizada,A Coruña(Híbrido),España,Jefe de Equipo,Jornada completa,Más de 5 años,Indefinido,39.000 € - 60.000 € Bruto/año,No especificado,No especificado,No especificado,,,Ingeniero Técnico,Especialista,1,,"Lugo, Ourense y Pontevedra",,,,,,,,,,,,,,,,,,,,,,,,,,,,,,,,No especificado,,,,,,,,,,,,0,0,0,0,0,0,0,0,0,0,0,0,0,0,0,0,0,0,0,0,0,0,0,0,0,0,0,0,0,0,0,0,0,0,0,0,0,0,0,0,0,0,0,0,0,0,0,0,0,0,0,0,0,0,0,1,0,0,0,0,0,0,0,0,0,0,0,0,0,0,0,0,0,0,1,0,0,0,0,0,0,0,0,0,0,0,0,0,0,0,0,0,0,0,0,0,0,0,0,0,0,0,0,0,0,0,0,0,1,0,0,0,0,0,0,0,0,1,0,0,0,0,0,0,0,0,0,1,0,0,1,0,0,0,0,0,0,0,0,0,0,0,1,0,0,0,0,0,0,0,0,0,0,0,0,0,0,0,0,0,0,0,0,0,0,0,0,0,0,0,0,0,0,0,0,0,0,0,0,0,0,0,0,0,0,0,0,0,0,0,0,0,0,0,0,0,0,0,0
Técnico/a de redes N1,https://www.tecnoempleo.com/tecnico-redes-n1-cas-training/redes-cisco-vpn/rf-d9531d5b426533364e42,2025-02-14 10:03:10,14/02/2025Actualizada,Madrid(Presencial),,Redes,Jornada completa,2 años,Indefinido,21.000 € - 24.000 € Bruto/año,No especificado,No especificado,No especificado,,Inglés (Medio),"Otros títulos, certificaciones y carnets",Empleado,7,,,,,,,,,,,,,,,,,,,,,,,,,,,,,,,,,,,No especificado,,,,,,,,,,,0,0,0,0,0,0,0,0,0,0,0,0,0,0,0,0,0,0,0,0,0,0,0,0,0,0,0,0,0,0,0,0,0,0,0,0,0,0,0,0,0,0,0,0,0,0,0,0,0,0,0,0,0,0,0,0,0,0,0,0,0,0,0,0,0,1,0,0,0,0,0,0,0,0,0,0,0,0,0,0,0,0,0,0,0,0,0,0,0,0,0,0,0,0,0,0,0,0,0,0,0,0,0,1,0,0,0,0,0,0,0,0,0,0,0,0,0,0,0,0,0,0,0,0,0,0,0,0,0,0,0,0,0,0,0,0,0,0,0,0,0,0,0,0,0,0,0,0,0,0,0,0,0,0,0,0,0,0,0,0,0,0,0,0,1,0,0,0,0,0,0,0,0,0,0,0,0,0,0,0,0,0,0,0,0,0,0,0,0,0,0,0,0,0,0,0,0,0,0
Técnico/a de Sistemas - HP Nonstop,https://www.tecnoempleo.com/tecnico-sistemas-hp-nonstop-arelance/hp-nonstop-ongoing-shadowbase-rdf-sql/rf-3d3e1d31f26513067446,2025-02-14 10:03:10,14/02/2025Actualizada,Barcelona(Híbrido),España,Administrador,Jornada completa,2 años,Indefinido,24.000 € - 30.000 € Bruto/año,No especificado,No especificado,No especificado,,,Grado Medio,Empleado,5,,"Girona, Lleida y Tarragona",,,,,,,,,,,,,,,,,,,,,,,,,,,,,,,,,,No especificado,,,,,,,,,,0,0,0,0,0,0,0,0,0,0,0,0,0,0,0,0,0,0,0,0,0,0,0,0,0,0,0,0,0,0,0,0,0,0,0,0,0,0,0,0,0,0,0,0,0,0,0,0,0,0,0,0,0,0,1,0,0,0,0,0,0,0,0,0,0,0,1,0,0,0,0,0,0,0,0,0,0,0,0,0,0,0,0,0,0,0,0,0,0,0,0,0,0,0,1,0,0,0,0,0,0,0,0,0,0,0,0,0,0,0,0,0,0,1,1,0,0,0,0,0,0,0,0,0,0,0,0,0,0,0,0,0,0,0,0,0,0,0,0,0,0,0,0,0,0,0,0,0,0,0,0,0,0,0,0,0,0,0,0,0,0,0,0,0,0,0,0,0,1,0,0,0,0,0,0,0,0,0,0,1,0,0,0,0,0,0,0,0,0,0,0,0,0,1,0,0,0,0,0
Desarrollador React + Node.js. Inglés alto,https://www.tecnoempleo.com/desarrollador-react-nodejs-ingles-alto-second-wind/react-node-html-css/rf-01481544d219c3a4d64a,2025-02-14 10:03:10,14/02/2025Actualizada,Madrid- España,,Programador,Jornada completa,3-5 años,Indefinido,,No especificado,No especificado,No especificado,,,Grado Medio,Empleado,7,,,,,,,,,,,,No especificado,,,,,,,,,,,,,,,,,,,,,,,,,,,,,,,,,,0,0,0,0,0,0,0,0,0,0,0,0,0,0,0,0,0,0,0,0,0,0,0,0,0,0,0,0,0,0,0,0,0,0,0,0,0,0,0,0,0,0,0,0,0,0,0,0,0,0,0,0,0,0,0,0,0,0,0,0,0,0,0,0,0,0,0,0,0,0,0,0,0,0,0,0,0,0,0,0,0,1,0,0,0,0,0,0,0,0,0,1,0,0,0,0,0,0,0,0,0,0,0,0,0,0,0,0,0,0,0,0,0,0,0,0,0,0,0,0,0,0,0,0,0,0,0,0,0,0,0,0,0,0,0,0,0,0,0,0,0,0,0,0,0,0,0,0,0,0,0,0,0,0,0,0,0,0,0,1,0,0,0,0,0,0,0,0,0,0,0,0,0,0,0,0,1,0,0,0,0,0,0,0,0,0,0,0,0,0,0,0,0,0,0,0,0,0,0
Java Developer. Inglés C1,https://www.tecnoempleo.com/java-developer-ingles-c1-second-window/java-aws-angular-react-git-api-jenk/rf-de0e14361206338f8342,2025-02-14 10:03:10,14/02/2025Actualizada,100% En remoto,España,Analista Programador,Jornada completa,3-5 años,Indefinido,33.000 € - 45.000 € Bruto/año,No especificado,No especificado,No especificado,,Inglés (Alto),FP2/Grado Superior,Empleado,14,,,,,,,,,,,,,,,,,,,,,,,,,,No especificado,,,,,,,,,,,,,,,,,,,,0,0,0,0,0,0,0,0,0,0,0,0,0,0,0,0,0,0,0,0,0,0,0,0,0,0,0,0,0,0,0,0,0,0,0,0,0,0,0,0,0,0,0,0,0,0,0,0,0,0,0,0,0,0,0,1,0,0,0,0,0,0,0,0,1,0,0,0,0,0,0,0,0,0,1,0,0,0,0,0,0,0,0,0,1,0,0,0,0,0,0,0,0,0,0,0,0,0,0,0,0,0,0,0,0,0,0,0,0,0,0,0,0,0,0,0,0,1,0,0,0,0,0,0,0,0,0,0,0,0,1,0,0,0,0,0,0,0,0,0,0,0,0,0,0,0,0,0,0,0,0,0,0,0,0,0,0,0,0,0,0,0,0,0,0,0,0,0,0,0,0,0,1,0,1,0,0,0,0,0,0,0,0,0,0,0,0,0,0,0,0,0,0,0,0,0,0,0,0
Desarrollo Software vb.net y sqlserver,https://www.tecnoempleo.com/desarrollo-software-vbnet-sqlserver-qsm/sql-net-sql-server/rf-6c7819b8a24cd34e8a49,2025-02-14 10:03:10,14/02/2025Actualizada,100% En remoto,,Analista Programador,Jornada completa,1 año,Indefinido,21.000 € - 24.000 € Bruto/año,No especificado,No especificado,No especificado,,,Ingeniero Técnico,Empleado,19,,,,,,,teletrabajo,,,,,,,,,,,,,,,,,,,No especificado,,,,,,,,,,,,,,,,,,,,0,0,0,0,0,0,0,0,0,0,0,0,0,0,0,0,0,0,0,0,0,0,0,0,0,0,0,0,0,0,0,0,0,0,0,0,0,0,0,0,1,0,0,0,0,0,0,0,0,0,0,0,0,0,0,0,0,0,0,0,0,0,0,0,0,0,0,0,0,0,0,0,0,0,0,0,0,0,0,0,0,0,0,0,0,0,0,0,1,0,0,0,0,0,0,0,0,0,0,0,0,0,0,0,0,0,0,0,0,0,0,0,0,0,0,0,0,0,0,0,0,0,0,0,0,0,0,1,0,0,0,0,0,0,0,0,0,0,0,0,0,0,0,0,0,0,0,0,0,0,0,0,0,0,0,0,0,0,0,0,0,0,0,0,0,0,0,0,0,0,0,0,0,0,0,0,0,0,0,0,0,0,0,0,0,0,0,0,0,0,0,0,0,0,0,0,0,0,0
Técnico de sistemas autonomo,https://www.tecnoempleo.com/tecnico-sistemas-autonomo-ivranet-sistemas-s-l/microinformatica-active-dir/rf-4f6d1dd24219a3cdf648,2025-02-14 10:03:11,14/02/2025Actualizada,Madrid(Presencial),,Soporte Técnico,Jornada completa,3-5 años,Freelance/Autónomo,,No especificado,No especificado,No especificado,,Inglés (Medio),FP2/Grado Superior,Empleado,7,,,,,,,,,,,,,No especificado,,,,,,,,,,,,,,,,,,,,,,,,,,,,,,,,,0,0,0,0,0,0,0,0,0,1,0,0,0,0,0,0,0,0,0,0,0,0,0,0,0,0,0,0,0,0,0,0,0,0,0,0,0,0,0,0,0,0,0,0,0,0,0,0,0,0,0,0,0,0,0,0,0,0,0,0,0,0,0,0,0,0,0,0,0,0,0,0,0,0,0,0,0,0,0,0,0,0,0,0,0,0,0,0,0,0,0,0,0,0,0,0,0,0,0,0,0,0,0,0,0,0,0,0,0,0,0,0,0,0,0,0,0,0,0,0,0,0,0,0,0,0,0,0,0,0,0,0,0,1,0,0,0,0,0,0,0,0,0,0,0,0,0,0,0,0,0,0,0,0,0,0,0,0,0,0,0,0,0,0,0,0,0,0,0,0,0,0,0,0,0,0,0,0,0,0,0,0,0,0,0,0,0,0,1,0,0,0,0,0,0,0,0,0,0
Gestor de Proyectos .Net,https://www.tecnoempleo.com/gestor-proyectos-net-tecnonalia-network/net-sql-git-jira/rf-e60818358203e302bd43,2025-02-14 10:03:11,14/02/2025Actualizada,Madrid- España,,Jefe de Equipo,Jornada completa,Más de 5 años,Indefinido,42.000 € - 48.000 € Bruto/año,No especificado,No especificado,No especificado,,,Diplomado,Empleado,19,,,,,,,Si. Bonus.,,,,,,,,,,,,,,,,,,,,,,,,,,,No especificado,,,,,,,,,,,,0,0,0,0,0,0,0,0,0,0,0,0,0,0,0,0,0,0,0,0,0,0,0,0,0,0,0,0,0,0,0,0,0,0,0,0,0,0,0,0,0,0,0,0,0,0,0,0,0,0,0,0,0,0,0,0,0,0,0,0,0,0,0,0,0,0,0,0,0,0,0,0,0,0,0,0,0,0,0,0,0,0,0,0,0,0,0,0,1,0,0,0,0,0,0,0,0,0,0,0,0,0,0,0,0,0,0,0,1,0,0,0,0,0,0,0,0,1,0,0,0,0,0,0,0,0,0,1,0,0,0,0,0,0,0,0,0,0,0,0,0,0,0,0,0,0,0,0,0,0,0,0,0,0,0,0,0,0,0,0,0,0,0,0,0,0,0,0,0,0,0,0,0,0,0,0,0,0,0,0,0,0,0,0,0,0,0,0,0,0,0,0,0,0,0,0,0,0,0
Programador + IA,https://www.tecnoempleo.com/programador-ia-vilatec/java-python-sql-php-scala-mysql-postgresql-ia-intel/rf-62e51a6d02b98377aa40,2025-02-14 10:03:11,14/02/2025Actualizada,100% En remoto,,Analista Programador,Jornada completa,1 año,A determinar,21.000 € - 24.000 € Bruto/año,No especificado,No especificado,No especificado,,,FP2/Grado Superior,Empleado,81,,,,,,,"Mobilidad, Dietas, Formación",,,,,,,,,,,,,,,,,,,,,,,,No especificado,,,,,,,,,,,,,,,0,0,0,0,0,0,0,0,0,0,0,0,0,0,0,0,0,0,0,0,0,0,0,0,0,0,0,0,0,0,0,0,0,0,1,0,0,0,0,0,0,0,0,0,0,0,0,0,0,0,0,0,0,0,0,0,0,0,0,1,0,0,0,0,0,0,0,0,0,0,0,0,0,0,0,0,0,0,0,0,0,0,0,0,1,0,1,0,0,0,0,0,0,0,0,0,0,0,0,0,0,0,0,0,0,1,0,0,0,0,0,0,0,0,0,0,0,0,0,0,0,0,0,0,0,0,0,1,0,0,1,0,0,0,0,0,0,0,0,0,0,0,0,0,0,0,0,0,0,0,0,0,0,0,0,0,0,0,0,0,0,1,0,0,0,0,1,0,0,0,0,0,0,0,0,0,0,0,0,0,0,0,0,0,0,0,0,0,0,1,0,0,0,0,0,0,0,0,0
Tecnico Soporte Redes N1,https://www.tecnoempleo.com/tecnico-soporte-redes-n1-cibersuite-networks-s-a/redes-cisco-fortinet-wifi/rf-e0751b2d3258233fed4b,2025-02-14 10:03:11,14/02/2025Actualizada,Malaga -Málaga(Presencial),Provincia Puesto,Helpdesk,Jornada completa,2 años,Indefinido,,No especificado,No especificado,No especificado,,Inglés (Alto),FP2/Grado Superior,Empleado,26,,"Cádiz, Córdoba, Granada, Madrid y Sevilla",,,,2,,,,,,,,,,,,,,,,,,,,,,,,,,,,,,,No especificado,,,,,,,,,0,0,0,0,0,0,0,0,0,0,0,0,0,0,0,0,0,0,0,0,0,0,0,0,0,0,0,0,0,1,0,0,0,0,0,0,0,0,0,0,0,0,0,0,0,0,0,0,0,0,0,0,0,0,0,0,0,0,0,0,0,0,0,0,0,1,0,0,0,0,0,0,0,0,0,1,0,0,0,0,0,0,0,0,0,0,0,0,0,0,0,0,0,0,0,0,0,0,0,0,0,0,0,0,0,0,0,0,0,0,0,0,0,0,0,0,0,0,0,0,0,0,0,0,0,0,0,0,0,0,0,0,0,0,0,0,0,0,0,0,0,0,0,0,0,0,0,0,0,0,0,0,0,0,0,0,0,0,0,0,0,0,0,1,1,0,0,0,0,0,0,0,0,0,0,0,0,0,0,0,0,0,0,0,0,0,0,0,0,0,0,0,0,0,0,0,0,0,0
Java (Modelando diagramas de flujo UML),https://www.tecnoempleo.com/java-modelando-diagramas-flujo-uml-second-window/java-uml-jenkins-sonarqub/rf-a44e1926b29f13678a4b,2025-02-14 10:03:12,14/02/2025Actualizada,Madrid- España,,Analista Programador,Jornada completa,2 años,Indefinido,,No especificado,No especificado,No especificado,,,Grado Medio,Empleado,6,,,,,,,,,,,,,,,,,,,,,,,,,,,,,,,,,,,,,,No especificado,,,,,,,,0,0,0,0,0,0,0,0,0,0,0,0,0,0,0,0,0,0,0,0,0,0,0,0,0,0,0,0,0,0,0,0,0,0,0,0,0,0,0,0,0,0,0,0,0,0,0,0,0,0,0,0,0,0,0,0,0,0,0,0,0,0,0,0,0,0,0,0,0,0,0,0,1,0,0,0,0,0,0,0,0,0,0,0,0,0,0,0,0,0,0,0,0,0,0,0,0,0,0,0,0,0,0,0,0,0,0,0,0,0,0,0,0,0,0,0,0,0,0,0,0,0,0,0,0,0,0,0,0,0,1,0,0,0,0,1,0,0,0,0,0,0,0,0,0,0,0,0,0,0,0,0,0,0,0,0,0,0,0,0,0,0,0,0,0,0,0,0,0,0,0,0,0,0,0,0,0,0,0,0,1,0,0,0,0,0,0,0,0,0,0,0,0,0,0,0,0,0,0
Tècnic de Sistemes Analista Informàtic,https://www.tecnoempleo.com/tecnic-sistemes-analista-informatic-aigues-reus/esx-hyperv-sql-oracle/rf-c0b31ae12216b3a7d647,2025-02-14 10:03:12,14/02/2025Actualizada,Reus -Tarragona- España,,Técnico de Sistemas,Jornada completa,1 año,Indefinido,33.000 € - 33.000 € Bruto/año,No especificado,No especificado,No especificado,,,Grado EEES (Bolonia),Empleado,7,,,,,,,,,,,,,,,,,,No especificado,,,,,,,,,,,,,,,,,,,,,,,,,,,,0,0,0,0,0,0,0,0,0,0,0,0,0,0,0,0,0,0,0,0,0,0,0,0,0,0,0,0,0,0,0,0,0,0,0,0,0,0,0,0,0,0,0,0,0,1,1,0,0,0,0,0,0,0,1,0,0,0,0,0,0,0,0,0,0,0,0,0,0,0,0,0,0,0,0,0,0,0,0,0,0,0,0,0,0,1,0,0,0,0,0,0,0,0,0,0,0,0,0,0,0,0,0,0,0,0,0,0,0,0,0,0,0,0,0,0,0,0,0,0,0,0,0,0,0,0,0,0,0,0,0,0,0,0,0,0,0,0,0,0,0,0,0,0,0,0,0,0,0,0,0,0,0,0,0,0,0,0,0,0,0,0,0,0,0,0,0,0,0,0,0,0,0,0,0,0,0,0,0,0,0,0,0,0,0,0,0,0,0,0,0,0,0,0,0,0,0,0,0
Desarrollador fullstack .NET Core+Vue.js,https://www.tecnoempleo.com/desarrollador-fullstack-net-core-vuejs-noratic/net-vue-angular-react-docke/rf-32a6120be26283d2e249,2025-02-14 10:03:12,14/02/2025Actualizada,100% En remoto,,Programador,Jornada completa,2 años,Indefinido,,No especificado,No especificado,No especificado,,Español (Excelente),FP2/Grado Superior,Empleado,16,,,,,,2,,,,,,No especificado,,,,,,,,,,,,,,,,,,,,,,,,,,,,,,,,,,0,0,0,0,0,0,0,0,0,0,1,0,0,0,1,0,0,0,0,0,0,0,0,0,0,0,0,0,0,0,0,0,0,0,0,0,0,0,0,0,0,0,0,0,0,0,0,0,0,0,0,0,0,0,0,0,0,0,0,0,0,0,0,0,0,0,0,0,1,0,0,0,0,0,0,0,0,0,0,0,0,0,0,0,0,0,0,0,1,0,0,0,0,0,0,0,0,0,0,0,0,0,0,0,0,0,0,0,0,0,0,0,0,0,0,0,0,0,0,0,0,0,0,0,0,0,0,0,0,0,0,0,0,0,0,0,0,0,0,0,0,0,0,0,0,0,0,0,0,0,0,0,0,0,0,0,0,0,0,0,0,0,0,0,0,0,0,0,0,0,0,0,1,0,1,0,0,0,1,0,0,0,0,0,0,0,0,0,0,0,0,0,0,0,0,0,0,0,0
SAP FI Consultant,https://www.tecnoempleo.com/sap-fi-consultant-plexus/sap-hana/rf-6229116b12bf83ed8840,2025-02-14 10:03:12,14/02/2025Actualizada,100% En remoto,,Consultor,Jornada completa,Más de 5 años,Indefinido,,No especificado,No especificado,No especificado,,,,Empleado,4,,,,,,,,,,,,,,No especificado,,,,,,,,,,,,,,,,,,,,,,,,,,,,,,,,0,0,0,0,0,0,0,0,0,0,0,0,0,0,0,1,0,0,0,0,0,0,0,0,0,0,0,0,0,0,0,0,0,0,0,0,0,0,0,0,0,0,0,0,0,0,0,0,0,0,0,0,0,0,0,0,0,0,0,0,0,0,0,0,0,0,0,0,0,0,0,1,0,0,0,0,0,0,0,0,0,0,0,0,0,0,0,0,0,0,0,0,0,0,0,0,0,0,0,0,0,0,0,0,0,0,0,0,0,0,0,0,0,0,0,0,0,0,0,0,0,0,0,0,0,0,0,0,0,0,0,0,0,0,0,0,0,0,0,0,0,0,0,0,0,0,0,0,0,0,0,0,0,0,0,0,0,0,0,0,0,0,0,0,0,0,0,0,0,0,0,0,0,0,0,0,0,0,0,0,0,0,0,0,0,0,0,0,0,0,0,0,0,0,0,0,0,0,0
Consultor tecnológico Workplace,https://www.tecnoempleo.com/consultor-tecnologico-workplace-accenture/citrix-avd-vmware-aws/rf-c42f139f92aa93a1c740,2025-02-14 10:03:13,14/02/2025Actualizada,Barcelona- España,,Consultor,Jornada completa,3 años,Indefinido,,No especificado,No especificado,No especificado,,,,Empleado,1,,,,,,,,,,,,,,No especificado,,,,,,,,,,,,,,,,,,,,,,,,,,,,,,,,0,0,0,0,0,0,0,0,0,0,0,0,0,0,0,0,0,0,0,0,0,0,0,0,0,0,0,0,0,0,0,0,0,0,0,0,0,0,0,0,0,0,0,0,0,0,0,0,0,0,0,0,0,0,0,0,1,0,0,0,0,0,0,1,0,0,0,0,0,0,0,0,0,0,0,0,0,0,0,0,1,0,0,0,0,0,0,0,0,0,0,0,0,0,0,0,0,0,0,0,0,0,0,0,0,0,0,0,0,0,0,0,0,0,0,0,0,0,0,0,0,0,0,0,0,0,0,0,0,0,0,0,0,0,0,0,0,0,0,0,0,0,0,0,0,0,0,0,0,0,0,0,0,0,0,0,0,0,0,0,0,0,0,0,0,0,0,0,0,0,0,0,0,1,0,0,0,0,0,0,0,0,0,0,0,0,0,0,0,0,0,0,0,0,0,0,0,0,0
C++ Software Development Engineer,https://www.tecnoempleo.com/c-software-development-engineer-amazon/c-react-native-swift/rf-fc4113d98242636a7548,2025-02-14 10:03:13,14/02/2025Actualizada,Madrid- España,,Desarrollador Móvil,Jornada completa,3 años,Indefinido,,No especificado,No especificado,No especificado,,,,Empleado,2,,,,,,,,,,,,,,,,,,,,,,,,,,,,,,,,,,,,,,,No especificado,,,,,,,0,0,0,0,0,0,0,0,0,0,0,0,0,0,0,0,0,0,0,0,0,0,0,0,0,0,0,0,0,0,0,0,0,0,0,0,0,0,0,0,0,0,0,0,0,0,0,0,0,0,0,0,0,0,0,0,0,0,0,0,0,0,0,0,0,0,0,0,0,0,0,0,0,0,0,0,0,0,0,0,0,0,0,0,0,0,0,0,0,1,0,0,0,0,0,0,0,0,0,0,0,0,0,0,0,0,0,0,0,0,1,0,0,0,0,0,0,0,0,0,0,0,0,0,0,0,0,0,0,0,0,0,0,0,0,0,0,0,0,0,0,0,0,0,0,0,0,0,0,0,0,0,0,0,0,0,0,1,0,0,0,0,0,0,0,0,0,0,0,0,0,0,0,0,0,0,0,0,0,0,0,0,0,0,0,0,0,0,0,0,0,0,0,0,0,0,0,0,0
Principal Software Developer Java,https://www.tecnoempleo.com/principal-software-developer-java-oracle/java-sdk/rf-74501ce9d2c483136241,2025-02-14 10:03:13,14/02/2025Actualizada,100% En remoto,,Programador,Jornada completa,Más de 5 años,Indefinido,,No especificado,No especificado,No especificado,,,,Empleado,5,,,,,,,,,,,,No especificado,,,,,,,,,,,,,,,,,,,,,,,,,,,,,,,,,,0,0,0,0,0,0,0,0,0,0,0,0,0,0,0,0,0,0,0,0,0,0,0,0,0,1,0,0,0,0,0,0,0,0,0,0,0,0,0,0,0,0,0,0,0,0,0,0,0,0,0,0,0,0,0,0,0,0,0,0,0,0,0,0,0,0,0,0,0,0,0,0,0,0,0,0,0,0,0,0,0,0,0,0,0,0,0,0,0,0,0,0,0,0,0,0,0,0,0,0,0,0,0,0,0,0,0,0,0,0,0,0,0,0,0,0,0,0,0,0,0,0,0,0,0,0,0,0,0,0,1,0,0,0,0,0,0,0,0,0,0,0,0,0,0,0,0,0,0,0,0,0,0,0,0,0,0,0,0,0,0,0,0,0,0,0,0,0,0,0,0,0,0,0,0,0,0,0,0,0,0,0,0,0,0,0,0,0,0,0,0,0,0,0,0,0,0,0,0
Appian Developer,https://www.tecnoempleo.com/appian-developer-plexus/appian/rf-a5c515bae2a7b35b064a,2025-02-14 10:03:14,14/02/2025Actualizada,100% En remoto,,Programador,Jornada completa,3 años,Indefinido,,No especificado,No especificado,No especificado,,,,Empleado,3,,,,,,,,,,,,No especificado,,,,,,,,,,,,,,,,,,,,,,,,,,,,,,,,,,0,0,0,0,0,0,0,0,0,0,0,0,0,0,0,0,0,0,0,0,0,0,1,0,0,0,0,0,0,0,0,0,0,0,0,0,0,0,0,0,0,0,0,0,0,0,0,0,0,0,0,0,0,0,0,0,0,0,0,0,0,0,0,0,0,0,0,0,0,0,0,0,0,0,0,0,0,0,0,0,0,0,0,0,0,0,0,0,0,0,0,0,0,0,0,0,0,0,0,0,0,0,0,0,0,0,0,0,0,0,0,0,0,0,0,0,0,0,0,0,0,0,0,0,0,0,0,0,0,0,0,0,0,0,0,0,0,0,0,0,0,0,0,0,0,0,0,0,0,0,0,0,0,0,0,0,0,0,0,0,0,0,0,0,0,0,0,0,0,0,0,0,0,0,0,0,0,0,0,0,0,0,0,0,0,0,0,0,0,0,0,0,0,0,0,0,0,0,0
SAP Retail Consultant,https://www.tecnoempleo.com/sap-retail-consultant-madrid/sap-hana/rf-c5301e0162f903a6c649,2025-02-14 10:03:14,14/02/2025Actualizada,Madrid- España,,Consultor,Jornada completa,2 años,Indefinido,,No especificado,No especificado,No especificado,,,,Empleado,1,,,,,,,,,,,,,,No especificado,,,,,,,,,,,,,,,,,,,,,,,,,,,,,,,,0,0,0,0,0,0,0,0,0,0,0,0,0,0,0,0,0,0,0,0,0,0,0,0,0,0,0,0,0,0,0,0,0,0,0,0,0,0,0,0,0,0,0,0,0,0,0,0,0,0,0,0,0,0,0,0,0,0,0,0,0,0,0,0,0,0,0,0,0,0,0,0,0,0,0,0,0,0,0,1,0,0,0,0,0,0,0,0,0,0,0,0,0,0,0,0,0,0,0,0,0,0,0,0,0,0,0,0,0,0,0,0,0,0,0,0,0,0,0,0,0,1,0,0,0,0,0,0,0,0,0,0,0,0,0,0,0,0,0,0,0,0,0,0,0,0,0,0,0,0,0,0,0,0,0,0,0,0,0,0,0,0,0,0,0,0,0,0,0,0,0,0,0,0,0,0,0,0,0,0,0,0,0,0,0,0,0,0,0,0,0,0,0,0,0,0,0,0,0
SAP APO Consultants,https://www.tecnoempleo.com/sap-apo-consultants-accenture/sap/rf-e46c105c126703eb8b4d,2025-02-14 10:03:14,14/02/2025Actualizada,Barcelona- España,,Consultor,Jornada completa,2 años,Indefinido,,No especificado,No especificado,No especificado,,,,Empleado,1,,,,,,,,,,,,,,No especificado,,,,,,,,,,,,,,,,,,,,,,,,,,,,,,,,0,0,0,0,0,0,0,0,0,0,0,0,0,0,0,0,0,0,0,0,0,0,0,0,0,0,0,0,0,0,0,0,0,0,0,0,0,0,0,0,0,0,0,0,0,0,0,0,0,0,0,0,0,0,0,0,0,0,0,0,0,0,0,0,0,0,0,0,0,0,0,0,0,0,0,0,0,0,0,0,0,0,0,0,0,0,0,0,0,0,0,0,0,0,0,0,0,0,0,0,0,0,0,0,0,0,0,0,0,0,0,0,0,0,0,0,0,0,0,0,0,1,0,0,0,0,0,0,0,0,0,0,0,0,0,0,0,0,0,0,0,0,0,0,0,0,0,0,0,0,0,0,0,0,0,0,0,0,0,0,0,0,0,0,0,0,0,0,0,0,0,0,0,0,0,0,0,0,0,0,0,0,0,0,0,0,0,0,0,0,0,0,0,0,0,0,0,0,0
Data Engineer Spark y Scala,https://www.tecnoempleo.com/data-engineer-spark-scala-serbyte-servicios-it/spark-scala/rf-bb681bbf922cc3037c4f,2025-02-14 10:03:14,14/02/2025Actualizada,100% En remoto,,Big Data,Jornada completa,2 años,Indefinido,30.000 € - 60.000 € Bruto/año,No especificado,No especificado,No especificado,No especificado,,,Empleado,4,,,,,,,,,,,,,,,,,,,,,,,,,,,,,,,,,,,,,,,,,,,,,,0,0,0,0,0,0,0,0,0,0,0,0,0,0,0,0,0,0,0,0,0,0,0,0,0,0,0,0,0,0,0,0,0,0,0,0,0,0,0,0,0,0,0,0,0,0,0,0,0,0,0,0,0,0,0,0,0,0,0,0,0,0,0,0,0,0,0,0,0,0,0,0,0,0,0,0,0,0,0,0,0,0,0,0,0,0,0,0,0,0,0,0,0,0,0,0,0,0,0,0,0,0,0,0,0,0,0,0,0,0,0,0,0,0,0,0,0,0,1,0,0,0,0,0,0,0,0,0,0,0,0,0,0,0,0,0,0,0,0,0,0,0,0,0,0,0,0,0,0,0,0,0,0,0,0,0,0,0,0,0,0,0,0,0,0,0,0,0,0,0,0,0,0,0,0,0,0,0,0,0,0,0,0,0,0,0,0,0,0,0,0,0,0,0,1,0,0,0,0
Senior Software Developer Java,https://www.tecnoempleo.com/senior-software-developer-java-oracle/java-sdk/rf-880f1f336249a36bc54e,2025-02-14 10:03:15,14/02/2025Actualizada,100% En remoto,,Programador,Jornada completa,Más de 5 años,Indefinido,,No especificado,No especificado,No especificado,,,,Empleado,4,,,,,,,,,,,,No especificado,,,,,,,,,,,,,,,,,,,,,,,,,,,,,,,,,,0,0,0,0,0,0,0,0,0,0,0,0,0,0,0,0,0,0,0,0,0,0,0,0,0,1,0,0,0,0,0,0,0,0,0,0,0,0,0,0,0,0,0,0,0,0,0,0,0,0,0,0,0,0,0,0,0,0,0,0,0,0,0,0,0,0,0,0,0,0,0,0,0,0,0,0,0,0,0,0,0,0,0,0,0,0,0,0,0,0,0,0,0,0,0,0,0,0,0,0,0,0,0,0,0,0,0,0,0,0,0,0,0,0,0,0,0,0,0,0,0,0,0,0,0,0,0,0,0,0,1,0,0,0,0,0,0,0,0,0,0,0,0,0,0,0,0,0,0,0,0,0,0,0,0,0,0,0,0,0,0,0,0,0,0,0,0,0,0,0,0,0,0,0,0,0,0,0,0,0,0,0,0,0,0,0,0,0,0,0,0,0,0,0,0,0,0,0,0
Ingeniero/a especialista Simulación,https://www.tecnoempleo.com/ingeniero-especialista-simulacion-madrid/opentrack-duplo/rf-70e913be825c532e354a,2025-02-14 10:03:15,14/02/2025Actualizada,Madrid- España,,Ingenieros/Industria,Jornada completa,Más de 5 años,Indefinido,,No especificado,No especificado,No especificado,,,,Empleado,0,,,,,,,,,,,,,,,,,,,,,,,,,,,,,,,,,,,,,,,,No especificado,,,,,,0,0,0,0,0,0,0,0,0,0,0,0,0,0,0,0,0,0,0,0,0,0,0,0,0,0,0,0,0,0,0,0,0,0,0,0,0,0,0,0,0,0,0,0,0,0,0,0,0,0,0,0,0,0,0,0,0,0,0,0,0,0,0,0,0,0,0,0,0,0,0,0,0,1,0,0,0,0,0,0,0,0,0,0,0,0,0,0,0,0,0,0,0,0,0,0,0,0,0,0,0,0,0,0,0,0,0,0,0,0,0,0,0,0,0,0,0,0,0,0,0,0,0,0,0,0,0,0,0,0,0,0,0,0,0,0,0,0,0,0,0,0,0,0,0,0,0,0,0,0,0,0,0,0,0,0,0,0,0,0,0,0,0,0,0,0,0,0,0,0,0,0,0,0,0,0,0,0,0,0,0,0,0,0,0,0,0,0,0,0,0,0,0,0,0,0,1,0,0
Technical Java Development Lead,https://www.tecnoempleo.com/technical-java-development-lead-bnp-paribas/java-spring/rf-c6ec17fa12db93870e4a,2025-02-14 10:03:15,14/02/2025Actualizada,Madrid- España,,Programador,Jornada completa,Más de 5 años,Indefinido,,No especificado,No especificado,No especificado,,,,Empleado,1,,,,,,,,,,,,No especificado,,,,,,,,,,,,,,,,,,,,,,,,,,,,,,,,,,0,0,0,0,0,0,0,0,0,0,0,0,0,0,0,0,0,0,0,0,0,0,0,0,0,0,0,0,0,0,0,0,0,0,0,0,0,0,0,0,0,0,0,0,0,0,0,1,0,0,0,0,0,0,0,0,0,0,0,0,0,0,0,0,0,0,0,0,0,0,0,0,0,0,0,0,0,0,0,0,0,0,0,0,0,0,0,0,0,0,0,0,0,0,0,0,0,0,0,0,0,0,0,0,0,0,0,0,0,0,0,0,0,0,0,0,0,0,0,0,0,0,0,0,0,0,0,0,0,0,0,0,0,0,0,0,0,0,0,0,0,0,0,0,0,0,0,0,0,0,0,0,0,0,0,0,0,0,0,0,0,0,0,0,0,0,0,0,0,0,1,0,0,0,0,0,0,0,0,0,0,0,0,0,0,0,0,0,0,0,0,0,0,0,0,0,0,0,0
iOS Developer,https://www.tecnoempleo.com/ios-developer-plexus/swift-ios/rf-62bc1c0b225983ad5042,2025-02-14 10:03:15,14/02/2025Actualizada,100% En remoto,,Desarrollador Móvil,Jornada completa,3 años,Indefinido,,No especificado,No especificado,No especificado,,,,Empleado,3,,,,,,,,,,,,,,,,,,,,,,,,,,,,,,,,,,,,,,,No especificado,,,,,,,0,0,0,0,0,0,0,0,0,0,0,0,0,0,0,0,0,0,0,0,0,0,0,0,0,0,0,0,0,0,0,0,0,0,0,0,0,0,0,0,0,0,0,0,0,0,0,0,0,0,0,0,0,0,0,0,0,0,0,0,0,0,0,0,0,0,0,0,0,1,0,0,0,0,0,0,0,0,0,0,0,0,0,0,0,0,0,0,0,0,0,0,0,0,0,0,0,0,0,0,0,0,0,0,0,0,0,0,0,0,0,0,0,0,0,0,0,0,0,0,0,0,0,0,0,0,0,0,0,0,0,0,0,0,0,0,0,0,0,0,0,0,0,0,0,0,0,0,0,0,0,0,0,0,0,0,0,1,0,0,0,0,0,0,0,0,0,0,0,0,0,0,0,0,0,0,0,0,0,0,0,0,0,0,0,0,0,0,0,0,0,0,0,0,0,0,0,0,0
Software Development Engineer,https://www.tecnoempleo.com/software-development-engineer-amazon/c-rust-java-typescript/rf-039f1247529653617144,2025-02-14 10:03:16,14/02/2025Actualizada,Madrid- España,,Programador,Jornada completa,3 años,Indefinido,,No especificado,No especificado,No especificado,,,,Empleado,1,,,,,,,,,,,,No especificado,,,,,,,,,,,,,,,,,,,,,,,,,,,,,,,,,,0,0,0,0,0,0,0,0,0,0,0,0,0,0,0,0,0,0,0,0,0,0,0,0,0,0,0,0,0,0,0,0,0,0,0,0,0,0,0,0,0,1,0,0,0,0,0,1,0,0,0,0,0,0,0,0,0,0,0,0,1,0,0,0,0,0,0,0,0,0,0,0,0,0,0,0,0,0,0,0,0,0,0,0,0,0,0,0,0,1,0,0,0,0,0,0,0,0,0,0,0,0,0,0,0,0,0,0,0,0,0,0,0,0,0,0,0,0,0,0,0,0,0,0,0,0,0,0,0,0,0,0,0,0,0,0,0,0,0,0,0,0,0,0,0,0,0,0,0,0,0,0,0,0,0,0,0,0,0,0,0,0,0,0,0,0,0,0,0,0,0,0,0,0,0,0,0,0,0,0,0,0,0,0,0,0,0,0,0,0,0,0,0,0,0,0,0,0,0
Technical Java Development Lead,https://www.tecnoempleo.com/technical-java-development-lead-bnp-paribas/java-spring/rf-49be131a02d3039d274b,2025-02-14 10:03:16,14/02/2025Actualizada,Madrid(Híbrido),,Programador,Jornada completa,Más de 5 años,Indefinido,,No especificado,No especificado,No especificado,,,,Empleado,2,,,,,,,,,,,,No especificado,,,,,,,,,,,,,,,,,,,,,,,,,,,,,,,,,,0,0,0,0,0,0,0,0,0,0,0,0,0,0,0,0,0,0,0,0,0,0,0,0,0,0,0,0,0,0,0,0,0,0,0,0,0,0,0,0,0,0,0,0,0,0,0,1,0,0,0,0,0,0,0,0,0,0,0,0,0,0,0,0,0,0,0,0,0,0,0,0,0,0,0,0,0,0,0,0,0,0,0,0,0,0,0,0,0,0,0,0,0,0,0,0,0,0,0,0,0,0,0,0,0,0,0,0,0,0,0,0,0,0,0,0,0,0,0,0,0,0,0,0,0,0,0,0,0,0,0,0,0,0,0,0,0,0,0,0,0,0,0,0,0,0,0,0,0,0,0,0,0,0,0,0,0,0,0,0,0,0,0,0,0,0,0,0,0,0,1,0,0,0,0,0,0,0,0,0,0,0,0,0,0,0,0,0,0,0,0,0,0,0,0,0,0,0,0
Senior Data Analyst,https://www.tecnoempleo.com/senior-data-analyst-bnp-paribas/python-spark-kafka-tableau/rf-fbc51e40928bd3edcf43,2025-02-14 10:03:16,14/02/2025Actualizada,Madrid(Híbrido),,Big Data,Jornada completa,3-5 años,Indefinido,,No especificado,No especificado,No especificado,No especificado,,,Empleado,1,,,,,,,,,,,,,,,,,,,,,,,,,,,,,,,,,,,,,,,,,,,,,,0,0,0,1,0,0,0,0,0,0,0,0,0,0,0,0,0,0,0,0,0,0,0,0,0,0,0,0,0,0,0,0,0,0,0,0,0,0,0,0,0,0,0,0,0,0,0,0,0,0,0,0,0,0,0,0,0,0,0,0,0,0,0,0,0,0,0,0,0,0,0,0,0,0,0,0,0,0,1,0,0,0,0,0,0,0,0,0,0,0,0,0,0,0,0,0,0,0,0,0,0,0,0,0,0,0,0,0,0,0,0,0,0,0,0,0,0,0,0,0,0,0,0,0,0,0,0,0,0,0,0,0,0,0,0,0,0,0,0,0,0,0,0,0,0,0,0,0,0,0,0,0,0,1,0,0,0,0,0,0,0,0,0,0,0,0,0,0,0,0,0,0,0,0,0,0,0,0,0,0,0,0,0,0,0,0,0,0,0,0,0,0,0,0,1,0,0,0,0
Senior Data Analyst,https://www.tecnoempleo.com/senior-data-analyst-bnp-paribas/python-spark-kafka-tableau/rf-a5be1179a24af35fb044,2025-02-14 10:03:16,14/02/2025Actualizada,Madrid- España,,Big Data,Jornada completa,3-5 años,Indefinido,,No especificado,No especificado,No especificado,No especificado,,,Empleado,1,,,,,,,,,,,,,,,,,,,,,,,,,,,,,,,,,,,,,,,,,,,,,,0,0,0,1,0,0,0,0,0,0,0,0,0,0,0,0,0,0,0,0,0,0,0,0,0,0,0,0,0,0,0,0,0,0,0,0,0,0,0,0,0,0,0,0,0,0,0,0,0,0,0,0,0,0,0,0,0,0,0,0,0,0,0,0,0,0,0,0,0,0,0,0,0,0,0,0,0,0,1,0,0,0,0,0,0,0,0,0,0,0,0,0,0,0,0,0,0,0,0,0,0,0,0,0,0,0,0,0,0,0,0,0,0,0,0,0,0,0,0,0,0,0,0,0,0,0,0,0,0,0,0,0,0,0,0,0,0,0,0,0,0,0,0,0,0,0,0,0,0,0,0,0,0,1,0,0,0,0,0,0,0,0,0,0,0,0,0,0,0,0,0,0,0,0,0,0,0,0,0,0,0,0,0,0,0,0,0,0,0,0,0,0,0,0,1,0,0,0,0
SAP Treasury Consultant,https://www.tecnoempleo.com/sap-treasury-consultant-accenture/sap-hana/rf-634516fa9292c382504f,2025-02-14 10:03:16,14/02/2025Actualizada,Barcelona- España,,Consultor,Jornada completa,3 años,Indefinido,,No especificado,No especificado,No especificado,,,,Empleado,0,,,,,,,,,,,,,,No especificado,,,,,,,,,,,,,,,,,,,,,,,,,,,,,,,,0,0,0,0,0,0,0,0,0,0,0,0,0,0,0,0,0,0,0,0,0,0,0,0,0,0,0,0,0,0,0,0,0,0,0,0,0,0,0,0,0,0,0,0,0,0,0,0,0,0,0,0,0,0,0,0,0,0,0,0,0,0,0,0,0,0,0,0,0,0,0,0,0,0,0,0,0,0,0,1,0,0,0,0,0,0,0,0,0,0,0,0,0,0,0,0,0,0,0,0,0,0,0,0,0,0,0,0,0,0,0,0,0,0,0,0,0,0,0,0,0,1,0,0,0,0,0,0,0,0,0,0,0,0,0,0,0,0,0,0,0,0,0,0,0,0,0,0,0,0,0,0,0,0,0,0,0,0,0,0,0,0,0,0,0,0,0,0,0,0,0,0,0,0,0,0,0,0,0,0,0,0,0,0,0,0,0,0,0,0,0,0,0,0,0,0,0,0,0
Data Foundations Manager,https://www.tecnoempleo.com/data-foundations-manager-accenture/etl-sql-aws-azure-gcp/rf-6e7117b1420233c26343,2025-02-14 10:03:17,14/02/2025Actualizada,Barcelona- España,,Big Data,Jornada completa,Más de 5 años,Indefinido,,No especificado,No especificado,No especificado,No especificado,,,Empleado,0,,,,,,,,,,,,,,,,,,,,,,,,,,,,,,,,,,,,,,,,,,,,,,0,0,0,0,0,0,0,0,0,0,0,0,0,0,0,0,0,0,0,0,0,0,0,1,0,0,0,0,0,0,0,0,0,0,0,0,0,0,0,0,0,0,0,0,0,0,0,0,0,0,0,0,0,0,1,0,1,0,0,0,0,0,0,0,0,0,0,0,0,0,0,0,0,0,0,0,0,0,0,0,0,0,0,0,0,0,0,0,0,0,0,0,0,0,0,0,0,0,0,0,0,0,0,0,0,0,0,0,0,0,0,0,0,0,0,0,0,0,0,0,0,0,0,0,0,0,0,0,0,0,0,0,0,0,0,0,0,0,0,0,0,0,0,0,0,0,0,1,0,0,1,0,0,0,0,0,0,0,0,0,0,0,0,0,0,0,0,0,0,0,0,0,0,0,0,0,0,0,0,0,0,0,0,0,0,0,0,0,0,0,0,0,0,0,0,0,0,0,0
Ingeniero/a Telecomunicaciones,https://www.tecnoempleo.com/ingeniero-telecomunicaciones-consultrans/lan-wan-tcp-ip-siem/rf-c0ce128532f543476c4d,2025-02-14 10:03:17,14/02/2025Actualizada,Madrid- España,,Ciberseguridad,Jornada completa,Más de 10 años,Indefinido,,No especificado,No especificado,No especificado,,Inglés (Alto),,Empleado,5,,,,,,,,,,,,,,,,,,,,,,,,,,,,,,,,,,,,,,,,,No especificado,,,,,0,0,0,0,0,1,0,0,0,0,0,0,0,0,0,0,0,0,0,0,0,0,0,0,0,0,0,0,0,0,0,0,0,0,0,0,0,0,0,0,0,0,0,0,0,0,0,0,0,0,0,0,0,0,0,0,0,0,0,0,0,1,0,0,0,0,0,0,0,0,0,0,0,0,0,0,0,1,0,0,0,0,0,0,0,0,0,0,0,0,0,0,0,0,0,0,0,0,0,0,0,0,0,0,0,0,0,0,0,0,0,0,0,0,0,0,0,0,0,0,0,0,0,0,0,0,0,0,0,0,0,0,0,0,0,0,0,0,0,0,0,0,0,0,0,0,0,0,0,0,0,0,0,0,0,0,0,0,0,0,0,0,1,0,0,0,0,0,0,0,0,0,0,0,0,0,0,0,0,0,0,0,0,0,0,0,0,0,0,0,0,0,0,0,0,0,0,0,0
Software Development Manager,https://www.tecnoempleo.com/software-development-manager-amazon/software-team-management/rf-2e24137c924663d14142,2025-02-14 10:03:17,14/02/2025Actualizada,Madrid- España,,Jefe de Equipo,Jornada completa,3 años,Indefinido,,No especificado,No especificado,No especificado,,,,Empleado,2,,,,,,,,,,,,,,,,,,,,,,,,,,,,,,,,,,,,,,,,,,No especificado,,,,0,0,0,0,0,0,0,0,0,0,0,0,0,0,0,0,0,0,0,0,0,0,0,0,1,0,0,0,0,0,0,0,0,0,0,0,0,0,0,0,0,0,0,0,0,0,0,0,0,1,0,0,0,0,0,0,0,0,0,0,0,0,0,0,0,0,0,0,0,0,0,0,0,0,0,0,0,0,0,0,0,0,0,0,0,0,0,0,0,0,0,0,0,0,0,0,0,0,0,0,0,0,0,0,0,0,0,0,0,0,0,0,0,0,0,0,0,0,0,0,0,0,0,0,0,0,0,0,0,0,0,0,0,0,0,0,0,0,0,0,0,0,0,0,0,0,0,0,0,0,0,0,0,0,0,0,0,0,0,0,0,0,0,0,0,0,0,0,0,0,0,0,0,0,0,0,0,0,0,0,0,0,0,0,0,0,0,0,0,0,0,0,0,0,0,0,0,0,0
IT Project Manager,https://www.tecnoempleo.com/it-project-manager-accenture/scrum-kanban-itil/rf-bbdf1149e2faa3b32145,2025-02-14 10:03:17,14/02/2025Actualizada,Barcelona- España,,Jefe de Proyecto,Jornada completa,Más de 5 años,Indefinido,,No especificado,No especificado,No especificado,,,,Empleado,18,,"Asturias, Bizkaia, León y Madrid",,,,,,,,,,,,,,,,,,,,,,,,,,,,,,,No especificado,,,,,,,,,,,,,0,0,0,0,0,0,0,0,0,0,0,0,0,0,0,0,0,0,0,0,0,0,0,0,0,0,0,0,0,0,0,0,0,0,0,0,0,0,0,0,0,0,0,0,0,0,0,0,0,0,0,0,0,1,0,0,0,0,0,0,0,0,0,0,0,0,0,0,0,0,0,0,0,0,0,0,0,0,0,0,0,0,0,0,0,0,0,0,0,0,0,0,0,0,0,1,0,0,0,0,0,0,0,0,0,0,0,0,0,0,0,0,0,0,0,0,0,0,0,0,0,0,0,0,0,0,0,0,0,0,0,0,0,0,0,0,0,0,0,0,0,0,0,0,0,0,0,0,0,0,0,0,0,0,0,0,0,0,0,0,0,0,0,0,0,0,0,0,0,0,0,0,0,0,0,0,0,0,0,0,0,0,0,0,0,0,0,0,0,0,0,0,1,0,0,0,0,0,0
Software Engineer - fresh graduate,https://www.tecnoempleo.com/software-engineer-fresh-graduate-oracle/react-javascript/rf-074610d04220a32bb44d,2025-02-14 10:03:18,14/02/2025Actualizada,Barcelona- España,,Programador,Jornada completa,Menos de un año,Indefinido,,No especificado,No especificado,No especificado,,,,Empleado,11,,,,,,,,,,,,No especificado,,,,,,,,,,,,,,,,,,,,,,,,,,,,,,,,,,0,0,0,0,0,0,0,0,0,0,0,0,0,0,0,0,0,0,0,0,0,0,0,0,0,0,0,0,0,0,0,0,0,0,0,0,0,0,0,0,0,0,0,0,0,0,0,0,0,0,0,0,0,0,0,0,0,0,0,0,0,0,0,0,0,0,0,0,0,0,0,0,0,0,0,0,0,0,0,0,0,0,0,0,0,0,0,0,0,0,0,0,0,0,0,0,0,0,0,0,0,0,0,0,0,0,0,0,0,0,0,0,0,0,0,0,0,0,0,0,0,0,0,0,0,0,0,0,0,0,0,1,0,0,0,0,0,0,0,0,0,0,0,0,0,0,0,0,0,0,0,0,0,0,0,0,0,0,0,0,0,0,0,0,0,0,0,0,0,0,0,0,0,0,1,0,0,0,0,0,0,0,0,0,0,0,0,0,0,0,0,0,0,0,0,0,0,0,0
SAP Finance Consultant,https://www.tecnoempleo.com/sap-finance-consultant-accenture/sap/rf-42971ff2d2831348974e,2025-02-14 10:03:18,14/02/2025Actualizada,Madrid- España,,Consultor,Jornada completa,3-5 años,Indefinido,,No especificado,No especificado,No especificado,,,,Empleado,2,,,,,,,,,,,,,,No especificado,,,,,,,,,,,,,,,,,,,,,,,,,,,,,,,,0,0,0,0,0,0,0,0,0,0,0,0,0,0,0,0,0,0,0,0,0,0,0,0,0,0,0,0,0,0,0,0,0,0,0,0,0,0,0,0,0,0,0,0,0,0,0,0,0,0,0,0,0,0,0,0,0,0,0,0,0,0,0,0,0,0,0,0,0,0,0,0,0,0,0,0,0,0,0,0,0,0,0,0,0,0,0,0,0,0,0,0,0,0,0,0,0,0,0,0,0,0,0,0,0,0,0,0,0,0,0,0,0,0,0,0,0,0,0,0,0,1,0,0,0,0,0,0,0,0,0,0,0,0,0,0,0,0,0,0,0,0,0,0,0,0,0,0,0,0,0,0,0,0,0,0,0,0,0,0,0,0,0,0,0,0,0,0,0,0,0,0,0,0,0,0,0,0,0,0,0,0,0,0,0,0,0,0,0,0,0,0,0,0,0,0,0,0,0
Infrastructure Architecture Manager,https://www.tecnoempleo.com/infrastructure-architecture-manager-accenture/cloud-network/rf-b6651a0bb25e2358ee4f,2025-02-14 10:03:18,14/02/2025Actualizada,Madrid- España,,Arquitecto TIC,Jornada completa,Más de 5 años,Indefinido,,No especificado,No especificado,No especificado,,,,Empleado,1,,,,,,,,,,,,,,,,,,,,,,,,,,,,,,,,,,,,,,,,,,,No especificado,,,0,0,0,0,0,0,0,0,0,0,0,1,0,0,0,0,0,0,0,0,0,0,0,0,0,0,0,0,0,0,0,0,0,0,0,0,0,0,0,0,0,0,0,0,0,0,0,0,0,0,0,0,0,0,0,0,0,0,0,0,0,0,0,0,0,0,0,0,0,0,0,0,0,0,0,0,0,0,0,0,0,0,0,0,0,0,0,0,0,0,0,0,0,0,0,0,0,0,0,0,0,1,0,0,0,0,0,0,0,0,0,0,0,0,0,0,0,0,0,0,0,0,0,0,0,0,0,0,0,0,0,0,0,0,0,0,0,0,0,0,0,0,0,0,0,0,0,0,0,0,0,0,0,0,0,0,0,0,0,0,0,0,0,0,0,0,0,0,0,0,0,0,0,0,0,0,0,0,0,0,0,0,0,0,0,0,0,0,0,0,0,0,0,0,0,0,0,0,0
Data Foundations Consultant,https://www.tecnoempleo.com/data-foundations-consultant-accenture/etl-aws-azure-gcp-python/rf-ba8a1720e2c22326d44b,2025-02-14 10:03:18,14/02/2025Actualizada,Barcelona- España,,Big Data,Jornada completa,Más de 5 años,Indefinido,,No especificado,No especificado,No especificado,,,,Empleado,0,,,,,,,,,,,,,,,,,,,,,,,,,,,,,,,,,,,,,,,,,,,,No especificado,,0,0,0,0,0,0,0,0,0,0,0,0,0,0,0,0,0,0,0,0,0,0,0,1,0,0,0,0,0,0,0,0,0,0,0,0,0,0,0,0,0,0,0,0,0,0,0,0,0,0,0,0,0,0,0,0,1,0,0,0,0,0,0,0,0,0,0,0,0,0,0,0,0,0,0,0,0,0,0,0,0,0,0,0,0,0,0,0,0,0,0,0,0,0,0,0,0,0,0,0,0,0,0,0,0,0,0,0,0,0,0,0,0,0,0,0,0,0,0,0,0,0,0,0,0,0,0,0,0,0,0,0,0,0,0,0,0,0,0,0,0,0,0,0,0,0,0,1,0,0,1,0,0,0,0,0,0,0,0,0,0,0,0,0,0,0,0,0,0,0,0,0,0,0,0,0,0,0,0,0,0,0,0,0,0,0,0,0,0,1,0,0,0,0,0,0,0,0,0
Senior Frontend Engineer,https://www.tecnoempleo.com/senior-frontend-engineer-espana/angular-react-vue-javascript/rf-663810887253a3f0a943,2025-02-14 10:03:19,14/02/2025Actualizada,España,,Programador,Jornada completa,3-5 años,Indefinido,,No especificado,No especificado,No especificado,,,,Empleado,7,,,,,,,,,,,,No especificado,,,,,,,,,,,,,,,,,,,,,,,,,,,,,,,,,,0,0,0,0,0,0,0,0,0,0,1,0,0,0,0,0,0,0,0,0,0,0,0,0,0,0,0,0,0,0,0,0,0,0,0,0,0,0,0,0,0,0,0,0,0,0,0,0,0,0,0,0,0,0,0,0,0,0,0,0,0,0,0,0,0,0,0,0,0,0,0,0,0,0,0,0,0,0,0,0,0,0,0,0,0,0,0,0,0,0,0,0,0,0,0,0,0,0,0,0,0,0,0,0,0,0,0,0,0,0,0,0,0,0,0,0,0,0,0,0,0,0,0,0,0,0,0,0,0,0,0,0,0,0,0,0,0,0,0,0,0,0,0,0,0,0,0,0,0,0,0,0,0,0,0,0,0,0,0,0,0,0,0,0,0,0,0,0,0,0,0,0,1,0,1,0,0,0,0,0,0,0,0,0,0,0,0,0,0,0,0,0,0,0,0,0,0,0,1
SAP Environment,https://www.tecnoempleo.com/sap-environment-accenture/sap/rf-ef0814fdf263536f3844,2025-02-14 10:03:19,14/02/2025Actualizada,Madrid- España,,Consultor,Jornada completa,3-5 años,Indefinido,,No especificado,No especificado,No especificado,,,,Empleado,0,,,,,,,,,,,,,,No especificado,,,,,,,,,,,,,,,,,,,,,,,,,,,,,,,,0,0,0,0,0,0,0,0,0,0,0,0,0,0,0,0,0,0,0,0,0,0,0,0,0,0,0,0,0,0,0,0,0,0,0,0,0,0,0,0,0,0,0,0,0,0,0,0,0,0,0,0,0,0,0,0,0,0,0,0,0,0,0,0,0,0,0,0,0,0,0,0,0,0,0,0,0,0,0,0,0,0,0,0,0,0,0,0,0,0,0,0,0,0,0,0,0,0,0,0,0,0,0,0,0,0,0,0,0,0,0,0,0,0,0,0,0,0,0,0,0,1,0,0,0,0,0,0,0,0,0,0,0,0,0,0,0,0,0,0,0,0,0,0,0,0,0,0,0,0,0,0,0,0,0,0,0,0,0,0,0,0,0,0,0,0,0,0,0,0,0,0,0,0,0,0,0,0,0,0,0,0,0,0,0,0,0,0,0,0,0,0,0,0,0,0,0,0,0
UX Designer,https://www.tecnoempleo.com/ux-designer-amazon/ux-figma/rf-c51314757295f33c1141,2025-02-14 10:03:19,14/02/2025Actualizada,Madrid- España,,Diseño gráfico,Jornada completa,Más de 5 años,Indefinido,,No especificado,No especificado,No especificado,,,,Empleado,10,,,,,,,,,,,,,,,,,,,,,,No especificado,,,,,,,,,,,,,,,,,,,,,,,,0,0,0,0,0,0,0,0,0,0,0,0,0,0,0,0,0,0,0,0,0,0,0,0,0,0,0,0,0,0,0,0,0,0,0,0,0,0,0,0,0,0,0,0,0,0,0,0,0,0,0,1,0,0,0,0,0,0,0,0,0,0,0,0,0,0,0,0,0,0,0,0,0,0,0,0,0,0,0,0,0,0,0,0,0,0,0,0,0,0,0,0,0,0,0,0,0,0,0,0,0,0,0,0,0,0,0,0,0,0,0,0,0,0,0,0,0,0,0,0,0,0,0,0,0,0,0,0,0,0,0,0,0,0,0,0,0,0,0,0,0,0,0,0,0,0,0,0,1,0,0,0,0,0,0,0,0,0,0,0,0,0,0,0,0,0,0,0,0,0,0,0,0,0,0,0,0,0,0,0,0,0,0,0,0,0,0,0,0,0,0,0,0,0,0,0,0,0,0
Software Development Engineer,https://www.tecnoempleo.com/software-development-engineer-amazon/c-c-rtcp/rf-e301168d920b739f984a,2025-02-14 10:03:19,14/02/2025Actualizada,Madrid- España,,Electrónica,Jornada completa,3 años,Indefinido,,No especificado,No especificado,No especificado,,,,Empleado,1,,,,,,,,,,,,,,,,,,,,,,,,,,,,,,,,,,,,,,,,,,,,,No especificado,0,0,0,0,0,0,0,0,0,0,0,0,0,0,0,0,0,0,0,0,0,0,0,0,0,0,0,0,0,0,0,0,0,0,0,0,0,0,0,0,0,0,0,0,0,0,0,0,0,0,0,0,0,0,0,0,0,0,0,0,0,0,0,0,0,0,0,0,0,0,0,0,0,0,0,0,0,0,0,0,0,0,0,0,0,0,0,1,0,1,0,0,0,0,0,0,0,0,0,0,0,0,0,0,0,0,0,0,0,0,0,0,0,0,0,0,0,0,0,0,0,0,0,0,0,0,0,0,0,0,0,0,0,0,0,0,0,0,0,0,0,0,0,0,0,0,0,0,0,0,0,0,0,0,0,0,0,0,1,0,0,0,0,0,0,0,0,0,0,0,0,0,0,0,0,0,0,0,0,0,0,0,0,0,0,0,0,0,0,0,0,0,0,0,0,0,0,0,0
SAP SD Consultant,https://www.tecnoempleo.com/sap-sd-consultant-plexus/sap-hana/rf-4bae16af62b52305d041,2025-02-14 10:03:20,14/02/2025Actualizada,100% En remoto,,Consultor,Jornada completa,3 años,Indefinido,,No especificado,No especificado,No especificado,,,,Empleado,1,,,,,,,,,,,,,,No especificado,,,,,,,,,,,,,,,,,,,,,,,,,,,,,,,,0,0,0,0,0,0,0,0,0,0,0,0,0,0,0,1,0,0,0,0,0,0,0,0,0,0,0,0,0,0,0,0,0,0,0,0,0,0,0,0,0,0,0,0,0,0,0,0,0,0,0,0,0,0,0,0,0,0,0,0,0,0,0,0,0,0,0,0,0,0,0,1,0,0,0,0,0,0,0,0,0,0,0,0,0,0,0,0,0,0,0,0,0,0,0,0,0,0,0,0,0,0,0,0,0,0,0,0,0,0,0,0,0,0,0,0,0,0,0,0,0,0,0,0,0,0,0,0,0,0,0,0,0,0,0,0,0,0,0,0,0,0,0,0,0,0,0,0,0,0,0,0,0,0,0,0,0,0,0,0,0,0,0,0,0,0,0,0,0,0,0,0,0,0,0,0,0,0,0,0,0,0,0,0,0,0,0,0,0,0,0,0,0,0,0,0,0,0,0
Senior Java Developer,https://www.tecnoempleo.com/senior-java-developer-epam/java-spring-aws/rf-0df2165d129d833ca54f,2025-02-14 10:03:20,14/02/2025Actualizada,Málaga- España,,Programador,Jornada completa,3 años,Indefinido,,No especificado,No especificado,No especificado,,,,Empleado,2,,,,,,,,,,,,No especificado,,,,,,,,,,,,,,,,,,,,,,,,,,,,,,,,,,0,0,0,0,0,0,0,0,0,0,0,0,0,1,0,0,0,0,0,0,0,0,0,0,0,0,0,0,0,0,0,0,0,0,0,0,0,0,0,0,0,0,0,0,0,0,0,0,0,0,0,0,0,0,0,0,1,0,0,0,0,0,0,0,0,0,0,0,0,0,0,0,0,0,0,0,0,0,0,0,0,0,0,0,0,0,0,0,0,0,0,0,0,0,0,0,0,0,0,0,0,0,0,0,0,0,0,0,0,0,0,0,0,0,0,0,0,0,0,0,0,0,0,0,0,0,0,0,0,0,1,0,0,0,0,0,0,0,0,0,0,0,0,0,0,0,0,0,0,0,0,0,0,0,0,0,0,0,0,0,0,0,0,0,0,0,0,0,0,0,0,0,0,0,0,0,0,0,0,0,0,0,0,0,0,0,0,0,0,0,0,0,0,0,0,0,0,0,0
Mulesoft Architect,https://www.tecnoempleo.com/mulesoft-architect-plexus/mulesoft/rf-19d01db7d24fd3bc5c4c,2025-02-14 10:03:20,14/02/2025Actualizada,100% En remoto,,Arquitecto TIC,Jornada completa,3 años,Indefinido,,No especificado,No especificado,No especificado,,,,Empleado,0,,,,,,,,,,,,,,,No especificado,,,,,,,,,,,,,,,,,,,,,,,,,,,,,,,0,0,0,0,0,0,0,0,0,0,0,0,0,0,0,0,0,0,0,0,0,0,0,0,0,0,0,0,0,0,0,0,0,0,0,0,0,0,0,0,0,0,0,0,0,0,0,0,0,0,0,0,0,0,0,0,0,0,0,0,0,0,0,0,0,0,0,0,0,0,0,0,0,0,0,0,0,0,0,0,0,0,0,0,0,0,0,0,0,0,0,0,0,0,0,0,0,0,0,0,0,0,0,0,0,0,0,0,0,0,0,0,0,0,0,0,0,0,0,0,0,0,0,0,0,0,0,0,0,0,0,0,0,0,0,0,0,0,0,1,0,0,0,0,0,0,0,0,0,0,0,0,0,0,0,0,0,0,0,0,0,0,0,0,0,0,0,0,0,0,0,0,0,0,0,0,0,0,0,0,0,0,0,0,0,0,0,0,0,0,0,0,0,0,0,0,0,0,0
Front End Squad Lead,https://www.tecnoempleo.com/front-end-squad-lead-santander/angular-react-vue/rf-8b941f3ed2ee733d784a,2025-02-14 10:03:20,14/02/2025Actualizada,Málaga- España,,Programador,Jornada completa,3-5 años,Indefinido,,No especificado,No especificado,No especificado,,,,Empleado,5,,,,,,,,,,,,No especificado,,,,,,,,,,,,,,,,,,,,,,,,,,,,,,,,,,0,0,0,0,0,0,0,0,0,0,1,0,0,0,0,0,0,0,0,0,0,0,0,0,0,0,0,0,0,0,0,0,0,0,0,0,0,0,0,0,0,0,0,0,0,0,0,0,0,0,0,0,0,0,0,0,0,0,0,0,0,0,0,0,0,0,0,0,0,0,0,0,0,0,0,0,0,0,0,0,0,0,0,0,0,0,0,0,0,0,0,0,0,0,0,0,0,0,0,0,0,0,0,0,0,0,0,0,0,0,0,0,0,0,0,0,0,0,0,0,0,0,0,0,0,0,0,0,0,0,0,0,0,0,0,0,0,0,0,0,0,0,0,0,0,0,0,0,0,0,0,0,0,0,0,0,0,0,0,0,0,0,0,0,0,0,0,0,0,0,0,0,1,0,1,0,0,0,0,0,0,0,0,0,0,0,0,0,0,0,0,0,0,0,0,0,0,0,0
Cybersecurity Governance Consultant,https://www.tecnoempleo.com/cybersecurity-governance-consultant-ey/ciberseguridad-cissp/rf-40ec102a4297e3b6974b,2025-02-14 10:03:20,14/02/2025Actualizada,Málaga- España,,Ciberseguridad,Jornada completa,3-5 años,Indefinido,,No especificado,No especificado,No especificado,,,,Empleado,4,,,,,,,,,,,,,,,,,,,,,,,,,,,,,,,,,,,,,,,,,,,,,,1,0,0,0,0,0,0,0,0,0,0,0,0,0,0,0,0,0,0,0,0,0,0,0,0,0,0,0,0,0,0,0,0,0,0,0,0,0,0,0,0,0,0,0,0,0,0,0,0,0,0,0,0,0,0,0,0,0,0,0,0,0,0,0,0,0,0,0,0,0,1,0,0,0,0,0,0,0,0,0,0,0,0,0,0,0,0,0,0,0,0,0,0,0,0,0,0,0,0,0,0,0,0,0,0,0,0,0,0,0,0,0,0,0,0,0,0,0,0,0,0,0,0,0,0,0,0,0,0,0,0,0,0,0,0,0,0,0,0,0,0,0,0,0,0,0,0,0,0,0,0,0,0,0,0,0,0,0,0,0,0,0,0,0,0,0,0,0,0,0,0,0,0,0,0,0,0,0,0,0,0,0,0,0,0,0,0,0,0,0,0,0,0,0,0,0,0,0,0
