id,idioma,nivel
id_tec_1,Inglés,Medio
id_tec_2,Inglés,Alto
id_tec_3,Alemán,Alto
id_tec_3,Inglés,Alto
id_tec_4,,
id_tec_5,Español,Excelente
id_tec_5,Inglés,Alto
id_tec_6,Inglés,Alto
id_tec_7,Inglés,Excelente
id_tec_7,Español,Excelente
id_tec_8,,
id_tec_9,,
id_tec_10,,
id_tec_11,,
id_tec_12,,
id_tec_13,,
id_tec_14,,
id_tec_15,,
id_tec_16,,
id_tec_17,Inglés,Alto
id_tec_18,Inglés,Alto
id_tec_18,Francés,Alto
id_tec_19,Inglés,Alto
id_tec_20,,
id_tec_21,,
id_tec_22,,
id_tec_23,,
id_tec_24,,
id_tec_25,,
id_tec_26,,
id_tec_27,,
id_tec_28,,
id_tec_29,,
id_tec_30,,
id_tec_31,,
id_tec_32,,
id_tec_33,,
id_tec_34,,
id_tec_35,Inglés,Alto
id_tec_36,Inglés,Alto
id_tec_37,,
id_tec_38,,
id_tec_39,,
id_tec_40,Inglés,Alto
id_tec_41,,
id_tec_42,,
id_tec_43,,
id_tec_44,,
id_tec_45,,
id_tec_46,,
id_tec_47,,
id_tec_48,,
id_tec_49,,
id_tec_50,,
id_tec_51,,
id_tec_52,,
id_tec_53,Italiano,Alto
id_tec_54,,
id_tec_55,,
id_tec_56,,
id_tec_57,,
id_tec_58,,
id_tec_59,Alemán,Alto
id_tec_60,Inglés,Alto
id_tec_61,,
id_tec_62,,
id_tec_63,,
id_tec_64,Español,Excelente
id_tec_65,,
id_tec_66,,
id_tec_67,Inglés,Alto
id_tec_68,Inglés,Alto
id_tec_69,Inglés,Alto
id_tec_70,,
id_tec_71,,
id_tec_72,Inglés,Alto
id_tec_73,,
id_tec_74,,
id_tec_75,Español,Excelente
id_tec_76,,
id_tec_77,,
id_tec_78,,
id_tec_79,Inglés,Medio
id_tec_80,,
id_tec_81,Inglés,Medio
id_tec_82,Inglés,Medio
id_tec_83,Español,Excelente
id_tec_84,Inglés,Alto
id_tec_85,,
id_tec_86,,
id_tec_87,,
id_tec_88,,
id_tec_89,,
id_tec_90,,
id_tec_91,,
id_tec_92,Inglés,Alto
id_tec_93,Inglés,Alto
id_tec_94,,
id_tec_95,Inglés,Alto
id_tec_96,,
id_tec_97,,
id_tec_98,,
id_tec_99,Inglés,Medio
id_tec_100,,
id_tec_101,,
id_tec_102,Inglés,Alto
id_tec_103,,
id_tec_104,,
id_tec_105,,
id_tec_106,Inglés,Alto
id_tec_107,Inglés,Alto
id_tec_108,Inglés,Alto
id_tec_109,Catalán,Alto
id_tec_110,Inglés,Medio
id_tec_111,Inglés,Excelente
id_tec_112,,
id_tec_113,,
id_tec_114,Inglés,Alto
id_tec_115,,
id_tec_116,,
id_tec_117,Inglés,Medio
id_tec_118,Inglés,Medio
id_tec_119,,
id_tec_120,,
id_tec_121,Inglés,Medio
id_tec_122,,
id_tec_123,,
id_tec_124,,
id_tec_125,Inglés,Alto
id_tec_126,,
id_tec_127,,
id_tec_128,Español,Excelente
id_tec_128,Catalán,Alto
id_tec_129,Español,Alto
id_tec_130,,
id_tec_131,,
id_tec_132,Inglés,Alto
id_tec_133,Inglés,Alto
id_tec_134,,
id_tec_135,,
id_tec_136,,
id_tec_137,Inglés,Alto
id_tec_138,,
id_tec_139,,
id_tec_140,,
id_tec_141,,
id_tec_142,,
id_tec_143,,
id_tec_144,,
id_tec_145,,
id_tec_146,,
id_tec_147,,
id_tec_148,,
id_tec_149,,
id_tec_150,,
id_tec_151,,
id_tec_152,,
id_tec_153,,
id_tec_154,,
id_tec_155,,
id_tec_156,,
id_tec_157,,
id_tec_158,,
id_tec_159,,
id_tec_160,,
id_tec_161,,
id_tec_162,,
id_tec_163,,
id_tec_164,,
id_tec_165,,
id_tec_166,,
id_tec_167,,
id_tec_168,,
id_tec_169,,
id_tec_170,,
id_tec_171,,
id_tec_172,,
id_tec_173,,
id_tec_174,,
id_tec_175,,
id_tec_176,,
id_tec_177,,
id_tec_178,,
id_tec_179,,
id_tec_180,,
id_tec_181,,
id_tec_182,,
id_tec_183,,
id_tec_184,,
id_tec_185,,
id_tec_186,,
id_tec_187,,
id_tec_188,,
id_tec_189,,
id_tec_190,,
id_tec_191,,
id_tec_192,,
id_tec_193,,
id_tec_194,,
id_tec_195,,
id_tec_196,,
id_tec_197,,
id_tec_198,,
id_tec_199,,
id_tec_200,,
id_tec_201,,
id_tec_202,,
id_tec_203,,
id_tec_204,,
id_tec_205,,
id_tec_206,Inglés,Alto
id_tec_207,,
id_tec_208,,
id_tec_209,,
id_tec_210,,
id_tec_211,,
id_tec_212,,
id_tec_213,,
id_tec_214,,
id_tec_215,,
id_tec_216,,
id_tec_217,,
id_tec_218,,
id_tec_219,Inglés,Alto
id_tec_220,Inglés,Alto
id_tec_221,,
id_tec_222,,
id_tec_223,,
id_tec_224,,
id_tec_225,,
id_tec_226,,
id_tec_227,,
id_tec_228,,
id_tec_229,,
id_tec_230,,
id_tec_231,,
id_tec_232,,
id_tec_233,,
id_tec_234,,
id_tec_235,,
id_tec_236,,
id_tec_237,,
id_tec_238,,
id_tec_239,,
id_tec_240,,
id_tec_241,,
id_tec_242,,
id_tec_243,,
id_tec_244,,
id_tec_245,Inglés,Alto
id_tec_246,,
id_tec_247,,
id_tec_248,,
id_tec_249,,
id_tec_250,,
id_tec_251,Inglés,Alto
id_tec_252,,
id_tec_253,,
id_tec_254,,
id_tec_255,,
id_tec_256,,
id_tec_257,,
id_tec_258,Inglés,Medio
id_tec_259,Inglés,Alto
id_tec_260,,
id_tec_261,Inglés,Alto
id_tec_261,Alemán,Alto
id_tec_262,,
id_tec_263,Inglés,Alto
id_tec_264,Inglés,Alto
id_tec_265,,
id_tec_266,,
id_tec_267,,
id_tec_268,Inglés,Medio
id_tec_269,,
id_tec_270,,
id_tec_271,,
id_tec_272,,
id_tec_273,Inglés,Alto
id_tec_274,,
id_tec_275,,
id_tec_276,Inglés,Medio
id_tec_277,Inglés,Alto
id_tec_278,,
id_tec_279,,
id_tec_280,,
id_tec_281,Alemán,Excelente
id_tec_282,,
id_tec_283,Inglés,Excelente
id_tec_284,,
id_tec_285,,
id_tec_286,,
id_tec_287,Alemán,Alto
id_tec_287,Inglés,Alto
id_tec_288,,
id_tec_289,,
id_tec_290,,
id_tec_291,,
id_tec_292,,
id_tec_293,,
id_tec_294,,
id_tec_295,,
id_tec_296,Inglés,Alto
id_tec_297,,
id_tec_298,Inglés,Medio
id_tec_299,,
id_tec_300,,
id_tec_301,Inglés,Alto
id_tec_302,Inglés,Alto
id_tec_303,,
id_tec_304,,
id_tec_305,,
id_tec_306,,
id_tec_307,,
id_tec_308,,
id_tec_309,,
id_tec_310,,
id_tec_311,,
id_tec_312,,
id_tec_313,Inglés,Alto
id_tec_314,,
id_tec_315,Inglés,Alto
id_tec_316,Inglés,Alto
id_tec_317,,
id_tec_318,,
id_tec_319,Inglés,Alto
id_tec_320,,
id_tec_321,,
id_tec_322,,
id_tec_323,Inglés,Alto
id_tec_324,,
id_tec_325,Inglés,Medio
id_tec_326,,
id_tec_327,Inglés,Alto
id_tec_328,,
id_tec_329,,
id_tec_330,,
id_tec_331,,
id_tec_332,,
id_tec_333,,
id_tec_334,Inglés,Alto
id_tec_335,Inglés,Alto
id_tec_336,,
id_tec_337,,
id_tec_338,Inglés,Alto
id_tec_339,Noruego,Excelente
id_tec_340,Inglés,Alto
id_tec_341,Inglés,Alto
id_tec_342,Inglés,Medio
id_tec_343,,
id_tec_344,,
id_tec_345,,
id_tec_346,Inglés,Medio
id_tec_347,,
id_tec_348,,
id_tec_349,Inglés,Medio
id_tec_350,Inglés,Alto
id_tec_351,,
id_tec_352,,
id_tec_353,,
id_tec_354,,
id_tec_355,Inglés,Alto
id_tec_356,Inglés,Alto
id_tec_357,Inglés,Alto
id_tec_358,,
id_tec_359,,
id_tec_360,,
id_tec_361,,
id_tec_362,,
id_tec_363,,
id_tec_364,,
id_tec_365,,
id_tec_366,,
id_tec_367,,
id_tec_368,,
id_tec_369,,
id_tec_370,,
id_tec_371,,
id_tec_372,,
id_tec_373,,
id_tec_374,,
id_tec_375,,
id_tec_376,,
id_tec_377,,
id_tec_378,,
id_tec_379,,
id_tec_380,,
id_tec_381,,
id_tec_382,,
id_tec_383,,
id_tec_384,,
id_tec_385,,
id_tec_386,,
id_tec_387,,
id_tec_388,,
id_tec_389,,
id_tec_390,,
id_tec_391,,
id_tec_392,,
id_tec_393,,
id_tec_394,,
id_tec_395,,
id_tec_396,,
id_tec_397,,
id_tec_398,,
id_tec_399,,
id_tec_400,,
id_tec_401,,
id_tec_402,,
id_tec_403,,
id_tec_404,,
id_tec_405,,
id_tec_406,,
id_tec_407,,
id_tec_408,Inglés,Alto
id_tec_409,,
id_tec_410,,
id_tec_411,,
id_tec_412,,
id_tec_413,,
id_tec_414,,
id_tec_415,,
id_tec_416,,
id_tec_417,,
id_tec_418,,
id_tec_419,,
id_tec_420,,
id_tec_421,,
id_tec_422,,
id_tec_423,,
id_tec_424,,
id_tec_425,,
id_tec_426,,
id_tec_427,,
id_tec_428,,
id_tec_429,Inglés,Alto
id_tec_430,,
id_tec_431,,
id_tec_432,,
id_tec_433,,
id_tec_434,,
id_tec_435,,
id_tec_436,,
id_tec_437,,
id_tec_438,,
id_tec_439,,
id_tec_440,,
id_tec_441,Inglés,Alto
id_tec_442,,
id_tec_443,,
id_tec_444,,
id_tec_445,,
id_tec_446,,
id_tec_447,,
id_tec_448,,
id_tec_449,,
id_tec_450,,
id_tec_451,Inglés,Alto
id_tec_452,,
id_tec_453,,
id_tec_454,,
id_tec_455,,
id_tec_456,,
id_tec_457,,
id_tec_458,,
id_tec_459,,
id_tec_460,,
id_tec_461,,
id_tec_462,,
id_tec_463,,
id_tec_464,,
id_tec_465,,
id_tec_466,,
id_tec_467,,
id_tec_468,,
id_tec_469,,
id_tec_470,,
id_tec_471,,
id_tec_472,,
id_tec_473,,
id_tec_474,,
id_tec_475,,
id_tec_476,,
id_tec_477,,
id_tec_478,,
id_tec_479,,
id_tec_480,,
id_tec_481,,
id_tec_482,,
id_tec_483,,
id_tec_484,,
id_tec_485,,
id_tec_486,,
id_tec_487,,
id_tec_488,,
id_tec_489,,
id_tec_490,,
id_tec_491,,
id_tec_492,,
id_tec_493,,
id_tec_494,,
id_tec_495,,
id_tec_496,,
id_tec_497,,
id_tec_498,,
id_tec_499,,
id_tec_500,,
id_tec_501,,
id_tec_502,,
id_tec_503,,
id_tec_504,,
id_tec_505,,
id_tec_506,,
id_tec_507,Inglés,Alto
id_tec_508,,
id_tec_509,,
id_tec_510,,
id_tec_511,,
id_tec_512,,
id_tec_513,,
id_tec_514,,
id_tec_515,,
id_tec_516,,
id_tec_517,,
id_tec_518,,
id_tec_519,,
id_tec_520,,
id_tec_521,,
id_tec_522,,
id_tec_523,,
id_tec_524,,
id_tec_525,,
id_tec_526,,
id_tec_527,,
id_tec_528,Inglés,Alto
id_tec_529,Inglés,Alto
id_tec_530,Español,Excelente
id_tec_530,Inglés,Medio
id_tec_531,,
id_tec_532,Inglés,Alto
id_tec_533,Inglés,Alto
id_tec_534,Inglés,Alto
id_tec_535,Inglés,Medio
id_tec_536,,
id_tec_537,,
id_tec_538,,
id_tec_539,,
id_tec_540,Español,Excelente
id_tec_541,Español,Excelente
id_tec_541,Inglés,Alto
id_tec_542,Inglés,Alto
id_tec_543,,
id_tec_544,Inglés,Alto
id_tec_545,,
id_tec_546,Español,Alto
id_tec_546,Inglés,Excelente
id_tec_547,Inglés,Alto
id_tec_548,,
id_tec_549,,
id_tec_550,,
id_tec_551,Inglés,Alto
id_tec_552,,
id_tec_553,Inglés,Alto
id_tec_554,Inglés,Alto
id_tec_555,,
id_tec_556,Inglés,Alto
id_tec_556,Alemán,Medio
id_tec_557,Inglés,Alto
id_tec_558,Catalán,Excelente
id_tec_559,Inglés,Alto
id_tec_560,,
id_tec_561,,
id_tec_562,,
id_tec_563,Inglés,Alto
id_tec_564,Inglés,Alto
id_tec_565,Inglés,Alto
id_tec_566,Inglés,Alto
id_tec_567,,
id_tec_568,Español,Alto
id_tec_568,Inglés,Alto
id_tec_569,,
id_tec_570,Inglés,Alto
id_tec_571,,
id_tec_572,,
id_tec_573,,
id_tec_574,,
id_tec_575,,
id_tec_576,,
id_tec_577,Catalán,Alto
id_tec_578,,
id_tec_579,Inglés,Alto
id_tec_580,,
id_tec_581,,
id_tec_582,,
id_tec_583,,
id_tec_584,,
id_tec_585,,
id_tec_586,Inglés,Alto
id_tec_587,,
id_tec_588,,
id_tec_589,,
id_tec_590,,
id_tec_591,,
id_tec_592,Catalán,Alto
id_tec_593,Inglés,Alto
id_tec_594,Inglés,Alto
id_tec_595,,
id_tec_596,Inglés,Alto
id_tec_597,Inglés,Alto
id_tec_598,,
id_tec_599,,
id_tec_600,,
id_tec_601,,
id_tec_602,,
id_tec_603,Inglés,Alto
id_tec_604,Inglés,Alto
id_tec_605,Inglés,Alto
id_tec_606,,
id_tec_607,,
id_tec_608,,
id_tec_609,,
id_tec_610,,
id_tec_611,,
id_tec_612,,
id_tec_613,,
id_tec_614,,
id_tec_615,,
id_tec_616,,
id_tec_617,,
id_tec_618,,
id_tec_619,,
id_tec_620,,
id_tec_621,,
id_tec_622,,
id_tec_623,,
id_tec_624,,
id_tec_625,,
id_tec_626,,
id_tec_627,,
id_tec_628,,
id_tec_629,,
id_tec_630,,
id_tec_631,,
id_tec_632,Inglés,Alto
id_tec_633,Inglés,Alto
id_tec_634,Inglés,Alto
id_tec_635,Español,Excelente
id_tec_636,,
id_tec_637,Inglés,Alto
id_tec_638,Inglés,Alto
id_tec_639,,
id_tec_640,Inglés,Alto
id_tec_641,Inglés,Alto
id_tec_642,,
id_tec_643,Inglés,Alto
id_tec_644,Inglés,Alto
id_tec_645,,
id_tec_646,,
id_tec_647,,
id_tec_648,,
id_tec_649,,
id_tec_650,,
id_tec_651,Inglés,Alto
id_tec_652,Inglés,Medio
id_tec_653,,
id_tec_654,,
id_tec_655,,
id_tec_656,,
id_tec_657,Inglés,Alto
id_tec_658,Inglés,Alto
id_tec_659,Español,Excelente
id_tec_659,Inglés,Alto
id_tec_660,,
id_tec_661,Inglés,Medio
id_tec_662,Inglés,Alto
id_tec_663,Inglés,Alto
id_tec_664,Español,Excelente
id_tec_665,,
id_tec_666,,
id_tec_667,,
id_tec_668,,
id_tec_669,,
id_tec_670,Inglés,Alto
id_tec_671,Inglés,Excelente
id_tec_672,Inglés,Alto
id_tec_673,,
id_tec_674,,
id_tec_675,,
id_tec_676,Inglés,Medio
id_tec_677,,
id_tec_678,,
id_tec_679,,
id_tec_680,,
id_tec_681,,
id_tec_682,Inglés,Alto
id_tec_683,,
id_tec_684,Inglés,Alto
id_tec_685,Inglés,Alto
id_tec_686,,
id_tec_687,,
id_tec_688,Euskera,Alto
id_tec_689,,
id_tec_690,Inglés,Alto
id_tec_691,Inglés,Medio
id_tec_692,,
id_tec_693,,
id_tec_694,,
id_tec_695,Inglés,Alto
id_tec_696,Inglés,Alto
id_tec_697,Catalán,Alto
id_tec_698,Inglés,Alto
id_tec_699,,
id_tec_700,,
id_tec_701,Español,Excelente
id_tec_702,Inglés,Alto
id_tec_703,,
id_tec_704,,
id_tec_705,,
id_tec_706,,
id_tec_707,,
id_tec_708,,
id_tec_709,,
id_tec_710,,
id_tec_711,,
id_tec_712,,
id_tec_713,,
id_tec_714,,
id_tec_715,,
id_tec_716,,
id_tec_717,,
id_tec_718,,
id_tec_719,,
id_tec_720,,
id_tec_721,,
id_tec_722,,
id_tec_723,,
id_tec_724,,
id_tec_725,,
id_tec_726,,
id_tec_727,,
id_tec_728,,
id_tec_729,,
id_tec_730,,
id_tec_731,,
id_tec_732,,
id_tec_733,,
id_tec_734,,
id_tec_735,,
id_tec_736,,
id_tec_737,,
id_tec_738,,
id_tec_739,,
id_tec_740,,
id_tec_741,,
id_tec_742,,
id_tec_743,,
id_tec_744,,
id_tec_745,,
id_tec_746,,
id_tec_747,,
id_tec_748,,
id_tec_749,,
id_tec_750,,
id_tec_751,Inglés,Alto
id_tec_752,,
id_tec_753,,
id_tec_754,,
id_tec_755,,
id_tec_756,,
id_tec_757,,
id_tec_758,,
id_tec_759,,
id_tec_760,,
id_tec_761,,
id_tec_762,,
id_tec_763,,
id_tec_764,Inglés,Alto
id_tec_765,,
id_tec_766,,
id_tec_767,,
id_tec_768,,
id_tec_769,,
id_tec_770,,
id_tec_771,Inglés,Alto
id_tec_772,,
id_tec_773,,
id_tec_774,,
id_tec_775,,
id_tec_776,,
id_tec_777,,
id_tec_778,,
id_tec_779,,
id_tec_780,,
id_tec_781,,
id_tec_782,,
id_tec_783,,
id_tec_784,,
id_tec_785,,
id_tec_786,Inglés,Alto
id_tec_787,,
id_tec_788,,
id_tec_789,,
id_tec_790,,
id_tec_791,,
id_tec_792,,
id_tec_793,,
id_tec_794,,
id_tec_795,,
id_tec_796,,
id_tec_797,,
id_tec_798,,
id_tec_799,,
id_tec_800,,
id_tec_801,,
id_tec_802,,
id_tec_803,,
id_tec_804,,
id_tec_805,,
id_tec_806,,
id_tec_807,,
id_tec_808,,
id_tec_809,,
id_tec_810,,
id_tec_811,,
id_tec_812,,
id_tec_813,,
id_tec_814,,
id_tec_815,,
id_tec_816,,
id_tec_817,,
id_tec_818,,
id_tec_819,,
id_tec_820,,
id_tec_821,,
id_tec_822,,
id_tec_823,,
id_tec_824,,
id_tec_825,,
id_tec_826,,
id_tec_827,,
id_tec_828,,
id_tec_829,,
id_tec_830,,
id_tec_831,,
id_tec_832,,
id_tec_833,,
id_tec_834,,
id_tec_835,,
id_tec_836,,
id_tec_837,,
id_tec_838,,
id_tec_839,,
id_tec_840,,
id_tec_841,,
id_tec_842,,
id_tec_843,,
id_tec_844,,
id_tec_845,,
id_tec_846,,
id_tec_847,,
id_tec_848,,
id_tec_849,,
id_tec_850,,
id_tec_851,,
id_tec_852,,
id_tec_853,,
id_tec_854,,
id_tec_855,,
id_tec_856,,
id_tec_857,,
id_tec_858,,
id_tec_859,,
id_tec_860,,
id_tec_861,,
id_tec_862,,
id_tec_863,,
id_tec_864,,
id_tec_865,,
id_tec_866,,
id_tec_867,,
id_tec_868,,
id_tec_869,,
id_tec_870,,
id_tec_871,,
id_tec_872,,
id_tec_873,Español,Alto
id_tec_874,,
id_tec_875,,
id_tec_876,,
id_tec_877,,
id_tec_878,,
id_tec_879,,
id_tec_880,,
id_tec_881,,
id_tec_882,,
id_tec_883,,
id_tec_884,,
id_tec_885,,
id_tec_886,,
id_tec_887,,
id_tec_888,,
id_tec_889,,
id_tec_890,,
id_tec_891,,
id_tec_892,,
id_tec_893,,
id_tec_894,,
id_tec_895,,
id_tec_896,Inglés,Alto
id_tec_897,Inglés,Alto
id_tec_898,Inglés,Alto
id_tec_899,,
id_tec_900,Inglés,Alto
id_tec_901,Inglés,Alto
id_tec_902,Inglés,Alto
id_tec_903,,
id_tec_904,Catalán,Excelente
id_tec_905,Inglés,Alto
id_tec_906,,
id_tec_907,,
id_tec_908,,
id_tec_909,,
id_tec_910,,
id_tec_911,,
id_tec_912,Español,Excelente
id_tec_912,Inglés,Medio
id_tec_913,,
id_tec_914,,
id_tec_915,Inglés,Alto
id_tec_916,Inglés,Alto
id_tec_917,,
id_tec_918,,
id_tec_919,Inglés,Alto
id_tec_920,,
id_tec_921,Inglés,Alto
id_tec_922,,
id_tec_923,Inglés,Alto
id_tec_924,Inglés,Alto
id_tec_924,Francés,Medio
id_tec_925,Inglés,Alto
id_tec_926,,
id_tec_927,,
id_tec_928,Inglés,Alto
id_tec_929,Catalán,Alto
id_tec_930,Español,Alto
id_tec_930,Inglés,Alto
id_tec_931,,
id_tec_932,,
id_tec_933,,
id_tec_934,,
id_tec_935,,
id_tec_936,Inglés,Alto
id_tec_937,,
id_tec_938,,
id_tec_939,Inglés,Alto
id_tec_940,Inglés,Alto
id_tec_941,,
id_tec_942,,
id_tec_943,Inglés,Alto
id_tec_944,,
id_tec_945,Inglés,Alto
id_tec_946,,
id_tec_947,,
id_tec_948,,
id_tec_949,,
id_tec_950,Inglés,Alto
id_tec_951,Inglés,Alto
id_tec_952,Inglés,Alto
id_tec_953,,
id_tec_954,,
id_tec_955,Inglés,Alto
id_tec_956,Inglés,Alto
id_tec_957,Español,Alto
id_tec_958,,
id_tec_959,Español,Excelente
id_tec_959,Inglés,Medio
id_tec_960,,
id_tec_961,,
id_tec_962,,
id_tec_963,,
id_tec_964,,
id_tec_965,,
id_tec_966,,
id_tec_967,,
id_tec_968,,
id_tec_969,Inglés,Alto
id_tec_970,,
id_tec_971,Inglés,Alto
id_tec_972,,
id_tec_973,,
id_tec_974,,
id_tec_975,,
id_tec_976,,
id_tec_977,,
id_tec_978,,
id_tec_979,,
id_tec_980,,
id_tec_981,,
id_tec_982,,
id_tec_983,,
id_tec_984,,
id_tec_985,,
id_tec_986,,
id_tec_987,Inglés,Alto
id_tec_988,,
id_tec_989,,
id_tec_990,,
id_tec_991,,
id_tec_992,,
id_tec_993,,
id_tec_994,,
id_tec_995,,
id_tec_996,,
id_tec_997,,
id_tec_998,Inglés,Alto
id_tec_999,,
id_tec_1000,,
id_tec_1001,,
id_tec_1002,,
id_tec_1003,,
id_tec_1004,,
id_tec_1005,,
id_tec_1006,,
id_tec_1007,,
id_tec_1008,,
id_tec_1009,,
id_tec_1010,,
id_tec_1011,,
id_tec_1012,,
id_tec_1013,,
id_tec_1014,,
id_tec_1015,,
id_tec_1016,,
id_tec_1017,Inglés,Alto
id_tec_1018,,
id_tec_1019,,
id_tec_1020,,
id_tec_1021,,
id_tec_1022,,
id_tec_1023,,
id_tec_1024,,
id_tec_1025,,
id_tec_1026,,
id_tec_1027,,
id_tec_1028,,
id_tec_1029,,
id_tec_1030,,
id_tec_1031,,
id_tec_1032,,
id_tec_1033,,
id_tec_1034,,
id_tec_1035,,
id_tec_1036,,
id_tec_1037,,
id_tec_1038,,
id_tec_1039,,
id_tec_1040,,
id_tec_1041,,
id_tec_1042,,
id_tec_1043,,
id_tec_1044,,
id_tec_1045,,
id_tec_1046,,
id_tec_1047,,
id_tec_1048,,
id_tec_1049,,
id_tec_1050,,
id_tec_1051,,
id_tec_1052,,
id_tec_1053,Inglés,Alto
id_tec_1054,,
id_tec_1055,,
id_tec_1056,,
id_tec_1057,,
id_tec_1058,,
id_tec_1059,,
id_tec_1060,,
id_tec_1061,,
id_tec_1062,,
id_tec_1063,,
id_tec_1064,,
id_tec_1065,,
id_tec_1066,,
id_tec_1067,,
id_tec_1068,,
id_tec_1069,,
id_tec_1070,,
id_tec_1071,,
id_tec_1072,,
id_tec_1073,,
id_tec_1074,,
id_tec_1075,,
id_tec_1076,,
id_tec_1077,,
id_tec_1078,,
id_tec_1079,,
id_tec_1080,,
id_tec_1081,,
id_tec_1082,,
id_tec_1083,,
id_tec_1084,,
id_tec_1085,,
id_tec_1086,,
id_tec_1087,,
id_tec_1088,,
id_tec_1089,,
id_tec_1090,,
id_tec_1091,,
id_tec_1092,,
id_tec_1093,,
id_tec_1094,,
id_tec_1095,,
id_tec_1096,,
id_tec_1097,,
id_tec_1098,,
id_tec_1099,,
id_tec_1100,,
id_tec_1101,,
id_tec_1102,,
id_tec_1103,,
id_tec_1104,,
id_tec_1105,,
id_tec_1106,,
id_tec_1107,,
id_tec_1108,,
id_tec_1109,,
id_tec_1110,,
id_tec_1111,,
id_tec_1112,,
id_tec_1113,,
id_tec_1114,,
id_tec_1115,,
id_tec_1116,,
id_tec_1117,,
id_tec_1118,,
id_tec_1119,,
id_tec_1120,,
id_tec_1121,,
id_tec_1122,,
id_tec_1123,,
id_tec_1124,,
id_tec_1125,,
id_tec_1126,,
id_tec_1127,,
id_tec_1128,,
id_tec_1129,,
id_tec_1130,,
id_tec_1131,,
id_tec_1132,,
id_tec_1133,,
id_tec_1134,,
id_tec_1135,,
id_tec_1136,,
id_tec_1137,,
id_tec_1138,,
id_tec_1139,,
id_tec_1140,,
id_tec_1141,,
id_tec_1142,,
id_tec_1143,,
id_tec_1144,,
id_tec_1145,,
id_tec_1146,,
id_tec_1147,,
id_tec_1148,,
id_tec_1149,,
id_tec_1150,,
id_tec_1151,,
id_tec_1152,,
id_tec_1153,Inglés,Alto
id_tec_1154,Español,Alto
id_tec_1155,,
id_tec_1156,,
id_tec_1157,,
id_tec_1158,,
id_tec_1159,,
id_tec_1160,,
id_tec_1161,,
id_tec_1162,,
id_tec_1163,,
id_tec_1164,,
id_tec_1165,,
id_tec_1166,,
id_tec_1167,,
id_tec_1168,,
id_tec_1169,,
id_tec_1170,,
id_tec_1171,,
id_tec_1172,,
id_tec_1173,,
id_tec_1174,,
id_tec_1175,,
id_tec_1176,,
id_tec_1177,Inglés,Alto
id_tec_1178,,
id_tec_1179,,
id_tec_1180,,
id_tec_1181,,
id_tec_1182,Inglés,Alto
id_tec_1183,,
id_tec_1184,,
id_tec_1185,,
id_tec_1186,,
id_tec_1187,Inglés,Medio
id_tec_1188,Inglés,Alto
id_tec_1189,,
id_tec_1190,,
id_tec_1191,,
id_tec_1192,Inglés,Alto
id_tec_1193,,
id_tec_1194,,
id_tec_1195,Inglés,Excelente
id_tec_1196,Inglés,Alto
id_tec_1197,,
id_tec_1198,,
id_tec_1199,Inglés,Alto
id_tec_1200,Inglés,Alto
id_tec_1200,Español,Alto
id_tec_1201,Inglés,Medio
id_tec_1202,,
id_tec_1203,Inglés,Alto
id_tec_1204,,
id_tec_1205,,
id_tec_1206,,
id_tec_1207,,
id_tec_1208,,
id_tec_1209,,
id_tec_1210,,
id_tec_1211,,
id_tec_1212,,
id_tec_1213,,
id_tec_1214,,
id_tec_1215,,
id_tec_1216,,
id_tec_1217,,
id_tec_1218,,
id_tec_1219,,
id_tec_1220,,
id_tec_1221,,
id_tec_1222,,
id_tec_1223,,
id_tec_1224,,
id_tec_1225,,
id_tec_1226,,
id_tec_1227,,
id_tec_1228,,
id_tec_1229,,
id_tec_1230,,
id_tec_1231,,
id_tec_1232,,
id_tec_1233,,
id_tec_1234,,
id_tec_1235,,
id_tec_1236,,
id_tec_1237,,
id_tec_1238,,
id_tec_1239,,
id_tec_1240,,
id_tec_1241,,
id_tec_1242,,
id_tec_1243,,
id_tec_1244,,
id_tec_1245,,
id_tec_1246,,
id_tec_1247,,
id_tec_1248,,
id_tec_1249,,
id_tec_1250,,
id_tec_1251,,
id_tec_1252,,
id_tec_1253,,
id_tec_1254,,
id_tec_1255,,
id_tec_1256,,
id_tec_1257,,
id_tec_1258,,
id_tec_1259,,
id_tec_1260,,
id_tec_1261,,
id_tec_1262,,
id_tec_1263,,
id_tec_1264,,
id_tec_1265,,
id_tec_1266,,
id_tec_1267,,
id_tec_1268,,
id_tec_1269,,
id_tec_1270,,
id_tec_1271,,
id_tec_1272,,
id_tec_1273,,
id_tec_1274,,
id_tec_1275,,
id_tec_1276,,
id_tec_1277,,
id_tec_1278,,
id_tec_1279,,
id_tec_1280,,
id_tec_1281,,
id_tec_1282,,
id_tec_1283,,
id_tec_1284,,
id_tec_1285,,
id_tec_1286,,
id_tec_1287,,
id_tec_1288,,
id_tec_1289,,
id_tec_1290,,
id_tec_1291,,
id_tec_1292,,
id_tec_1293,,
id_tec_1294,,
id_tec_1295,,
id_tec_1296,,
id_tec_1297,,
id_tec_1298,,
id_tec_1299,,
id_tec_1300,,
id_tec_1301,,
id_tec_1302,,
id_tec_1303,,
id_tec_1304,,
id_tec_1305,,
id_tec_1306,,
id_tec_1307,,
id_tec_1308,,
id_tec_1309,,
id_tec_1310,,
id_tec_1311,,
id_tec_1312,,
id_tec_1313,,
id_tec_1314,,
id_tec_1315,,
id_tec_1316,,
id_tec_1317,,
id_tec_1318,,
id_tec_1319,,
id_tec_1320,,
id_tec_1321,,
id_tec_1322,,
id_tec_1323,,
id_tec_1324,,
id_tec_1325,,
id_tec_1326,,
id_tec_1327,,
id_tec_1328,,
id_tec_1329,,
id_tec_1330,,
id_tec_1331,,
id_tec_1332,,
id_tec_1333,,
id_tec_1334,,
id_tec_1335,,
id_tec_1336,,
id_tec_1337,,
id_tec_1338,Inglés,Alto
id_tec_1339,,
id_tec_1340,,
id_tec_1341,,
id_tec_1342,,
id_tec_1343,,
id_tec_1344,,
id_tec_1345,,
id_tec_1346,,
id_tec_1347,,
id_tec_1348,,
id_tec_1349,,
id_tec_1350,,
id_tec_1351,,
id_tec_1352,Inglés,Alto
id_tec_1353,Inglés,Alto
id_tec_1354,,
id_tec_1355,,
id_tec_1356,,
id_tec_1357,,
id_tec_1358,,
id_tec_1359,Inglés,Alto
id_tec_1360,Catalán,Excelente
id_tec_1361,Inglés,Alto
id_tec_1362,,
id_tec_1363,,
id_tec_1364,,
id_tec_1365,Inglés,Medio
id_tec_1366,,
id_tec_1367,,
id_tec_1368,Inglés,Alto
id_tec_1369,,
id_tec_1370,Inglés,Alto
id_tec_1371,,
id_tec_1372,,
id_tec_1373,,
id_tec_1374,,
id_tec_1375,,
id_tec_1376,,
id_tec_1377,Inglés,Alto
id_tec_1378,Inglés,Alto
id_tec_1379,,
id_tec_1380,Inglés,Medio
id_tec_1381,,
id_tec_1382,,
id_tec_1383,,
id_tec_1384,,
id_tec_1385,,
id_tec_1386,,
id_tec_1387,,
id_tec_1388,,
id_tec_1389,,
id_tec_1390,,
id_tec_1391,,
id_tec_1392,,
id_tec_1393,,
id_tec_1394,,
id_tec_1395,,
id_tec_1396,,
id_tec_1397,,
id_tec_1398,,
id_tec_1399,,
id_tec_1400,,
id_tec_1401,,
id_tec_1402,,
id_tec_1403,,
id_tec_1404,,
id_tec_1405,,
id_tec_1406,,
id_tec_1407,,
id_tec_1408,,
id_tec_1409,,
id_tec_1410,,
id_tec_1411,,
id_tec_1412,,
id_tec_1413,,
id_tec_1414,,
id_tec_1415,,
id_tec_1416,,
id_tec_1417,,
id_tec_1418,,
id_tec_1419,,
id_tec_1420,,
id_tec_1421,,
id_tec_1422,,
id_tec_1423,,
id_tec_1424,,
id_tec_1425,,
id_tec_1426,,
id_tec_1427,,
id_tec_1428,,
id_tec_1429,,
id_tec_1430,,
id_tec_1431,,
id_tec_1432,,
id_tec_1433,,
id_tec_1434,,
id_tec_1435,,
id_tec_1436,,
id_tec_1437,,
id_tec_1438,,
id_tec_1439,,
id_tec_1440,,
id_tec_1441,,
id_tec_1442,,
id_tec_1443,,
id_tec_1444,,
id_tec_1445,,
id_tec_1446,,
id_tec_1447,,
id_tec_1448,,
id_tec_1449,,
id_tec_1450,,
id_tec_1451,,
id_tec_1452,,
id_tec_1453,Inglés,Alto
id_tec_1454,,
id_tec_1455,,
id_tec_1456,,
id_tec_1457,,
id_tec_1458,,
id_tec_1459,,
id_tec_1460,,
id_tec_1461,,
id_tec_1462,,
id_tec_1463,,
id_tec_1464,,
id_tec_1465,,
id_tec_1466,,
id_tec_1467,Inglés,Alto
id_tec_1468,,
id_tec_1469,,
id_tec_1470,,
id_tec_1471,,
id_tec_1472,,
id_tec_1473,,
id_tec_1474,,
id_tec_1475,,
id_tec_1476,,
id_tec_1477,,
id_tec_1478,,
id_tec_1479,,
id_tec_1480,,
id_tec_1481,,
id_tec_1482,,
id_tec_1483,,
id_tec_1484,,
id_tec_1485,,
id_tec_1486,,
id_tec_1487,,
id_tec_1488,,
id_tec_1489,,
id_tec_1490,,
id_tec_1491,,
id_tec_1492,,
id_tec_1493,,
id_tec_1494,,
id_tec_1495,,
id_tec_1496,,
id_tec_1497,,
id_tec_1498,,
id_tec_1499,,
id_tec_1500,,
id_tec_1501,,
id_tec_1502,,
id_tec_1503,,
id_tec_1504,,
id_tec_1505,,
id_tec_1506,,
id_tec_1507,,
id_tec_1508,,
id_tec_1509,Inglés,Alto
id_tec_1510,,
id_tec_1511,,
id_tec_1512,,
id_tec_1513,,
id_tec_1514,,
id_tec_1515,,
id_tec_1516,,
id_tec_1517,,
id_tec_1518,,
id_tec_1519,,
id_tec_1520,,
id_tec_1521,,
id_tec_1522,Inglés,Alto
id_tec_1523,Inglés,Alto
id_tec_1524,,
id_tec_1525,,
id_tec_1526,,
id_tec_1527,,
id_tec_1528,,
id_tec_1529,,
id_tec_1530,,
id_tec_1531,,
id_tec_1532,,
id_tec_1533,,
id_tec_1534,,
id_tec_1535,,
id_tec_1536,Catalán,Alto
id_tec_1537,,
id_tec_1538,,
id_tec_1539,Catalán,Alto
id_tec_1540,,
id_tec_1541,,
id_tec_1542,,
id_tec_1543,Inglés,Alto
id_tec_1544,Inglés,Alto
id_tec_1545,,
id_tec_1546,,
id_tec_1547,Inglés,Alto
id_tec_1548,Inglés,Alto
id_tec_1549,,
id_tec_1550,,
id_tec_1551,,
id_tec_1552,Inglés,Alto
id_tec_1553,Inglés,Alto
id_tec_1554,Inglés,Alto
id_tec_1555,,
id_tec_1556,,
id_tec_1557,,
id_tec_1558,Catalán,Alto
id_tec_1559,,
id_tec_1560,Catalán,Excelente
id_tec_1561,,
id_tec_1562,Inglés,Alto
id_tec_1563,Inglés,Alto
id_tec_1564,,
id_tec_1565,,
id_tec_1566,,
id_tec_1567,Inglés,Alto
id_tec_1568,,
id_tec_1569,,
id_tec_1570,,
id_tec_1571,,
id_tec_1572,Inglés,Medio
id_tec_1573,Español,Alto
id_tec_1573,Inglés,Alto
id_tec_1574,,
id_tec_1575,Español,Alto
id_tec_1576,Inglés,Excelente
id_tec_1577,Español,Excelente
id_tec_1577,Inglés,Medio
id_tec_1578,,
id_tec_1579,Español,Excelente
id_tec_1579,Inglés,Alto
id_tec_1580,,
id_tec_1581,,
id_tec_1582,,
id_tec_1583,,
id_tec_1584,,
id_tec_1585,,
id_tec_1586,,
id_tec_1587,,
id_tec_1588,,
id_tec_1589,,
id_tec_1590,,
id_tec_1591,,
id_tec_1592,,
id_tec_1593,,
id_tec_1594,,
id_tec_1595,,
id_tec_1596,,
id_tec_1597,,
id_tec_1598,,
id_tec_1599,,
id_tec_1600,,
id_tec_1601,,
id_tec_1602,,
id_tec_1603,,
id_tec_1604,,
id_tec_1605,,
id_tec_1606,,
id_tec_1607,Inglés,Alto
id_tec_1608,,
id_tec_1609,,
id_tec_1610,,
id_tec_1611,,
id_tec_1612,,
id_tec_1613,Inglés,Alto
id_tec_1614,,
id_tec_1615,,
id_tec_1616,,
id_tec_1617,,
id_tec_1618,,
id_tec_1619,,
id_tec_1620,,
id_tec_1621,,
id_tec_1622,,
id_tec_1623,,
id_tec_1624,,
id_tec_1625,,
id_tec_1626,,
id_tec_1627,,
id_tec_1628,,
id_tec_1629,,
id_tec_1630,,
id_tec_1631,,
id_tec_1632,,
id_tec_1633,,
id_tec_1634,,
id_tec_1635,,
id_tec_1636,,
id_tec_1637,,
id_tec_1638,,
id_tec_1639,,
id_tec_1640,,
id_tec_1641,,
id_tec_1642,,
id_tec_1643,,
id_tec_1644,,
id_tec_1645,,
id_tec_1646,,
id_tec_1647,,
id_tec_1648,,
id_tec_1649,,
id_tec_1650,,
id_tec_1651,,
id_tec_1652,,
id_tec_1653,,
id_tec_1654,,
id_tec_1655,,
id_tec_1656,Inglés,Alto
id_tec_1657,,
id_tec_1658,,
id_tec_1659,,
id_tec_1660,,
id_tec_1661,,
id_tec_1662,,
id_tec_1663,,
id_tec_1664,,
id_tec_1665,,
id_tec_1666,,
id_tec_1667,,
id_tec_1668,,
id_tec_1669,,
id_tec_1670,,
id_tec_1671,,
id_tec_1672,,
id_tec_1673,,
id_tec_1674,,
id_tec_1675,,
id_tec_1676,,
id_tec_1677,,
id_tec_1678,,
id_tec_1679,,
id_tec_1680,,
id_tec_1681,,
id_tec_1682,,
id_tec_1683,,
id_tec_1684,,
id_tec_1685,,
id_tec_1686,,
id_tec_1687,,
id_tec_1688,,
id_tec_1689,,
id_tec_1690,,
id_tec_1691,,
id_tec_1692,Inglés,Alto
id_tec_1693,Inglés,Alto
id_tec_1694,Inglés,Alto
id_tec_1695,,
id_tec_1696,,
id_tec_1697,Inglés,Medio
id_tec_1698,,
id_tec_1699,,
id_tec_1700,,
id_tec_1701,Inglés,Alto
id_tec_1702,,
id_tec_1703,Inglés,Alto
id_tec_1704,,
id_tec_1705,,
id_tec_1706,,
id_tec_1707,,
id_tec_1708,Francés,Alto
id_tec_1709,,
id_tec_1710,Español,Alto
id_tec_1711,,
id_tec_1712,,
id_tec_1713,,
id_tec_1714,,
id_tec_1715,,
id_tec_1716,,
id_tec_1717,,
id_tec_1718,,
id_tec_1719,,
id_tec_1720,,
id_tec_1721,,
id_tec_1722,,
id_tec_1723,,
id_tec_1724,,
id_tec_1725,,
id_tec_1726,,
id_tec_1727,,
id_tec_1728,,
id_tec_1729,,
id_tec_1730,,
id_tec_1731,,
id_tec_1732,,
id_tec_1733,,
id_tec_1734,,
id_tec_1735,,
id_tec_1736,,
id_tec_1737,,
id_tec_1738,,
id_tec_1739,,
id_tec_1740,,
id_tec_1741,,
id_tec_1742,,
id_tec_1743,,
id_tec_1744,,
id_tec_1745,,
id_tec_1746,,
id_tec_1747,,
id_tec_1748,,
id_tec_1749,,
id_tec_1750,,
id_tec_1751,,
id_tec_1752,,
id_tec_1753,Inglés,Alto
id_tec_1754,,
id_tec_1755,,
id_tec_1756,,
id_tec_1757,,
id_tec_1758,,
id_tec_1759,,
id_tec_1760,,
id_tec_1761,,
id_tec_1762,,
id_tec_1763,Inglés,Alto
id_tec_1764,,
id_tec_1765,,
id_tec_1766,,
id_tec_1767,,
id_tec_1768,,
id_tec_1769,,
id_tec_1770,Inglés,Alto
id_tec_1771,,
id_tec_1772,,
id_tec_1773,,
id_tec_1774,,
id_tec_1775,,
id_tec_1776,Inglés,Alto
id_tec_1777,,
id_tec_1778,,
id_tec_1779,,
id_tec_1780,,
id_tec_1781,,
id_tec_1782,,
id_tec_1783,,
id_tec_1784,,
id_tec_1785,,
id_tec_1786,,
id_tec_1787,,
id_tec_1788,,
id_tec_1789,,
id_tec_1790,Inglés,Alto
id_tec_1791,Inglés,Alto
id_tec_1792,,
id_tec_1793,Inglés,Alto
id_tec_1794,,
id_tec_1795,Inglés,Alto
id_tec_1796,,
id_tec_1797,Español,Excelente
id_tec_1797,Inglés,Excelente
id_tec_1798,Inglés,Medio
id_tec_1799,Inglés,Alto
id_tec_1800,Español,Excelente
id_tec_1800,Inglés,Medio
id_tec_1801,,
id_tec_1802,,
id_tec_1803,Inglés,Medio
id_tec_1804,,
id_tec_1805,,
id_tec_1806,,
id_tec_1807,,
id_tec_1808,,
id_tec_1809,,
id_tec_1810,,
id_tec_1811,,
id_tec_1812,,
id_tec_1813,,
id_tec_1814,,
id_tec_1815,,
id_tec_1816,,
id_tec_1817,,
id_tec_1818,,
id_tec_1819,,
id_tec_1820,,
id_tec_1821,,
id_tec_1822,,
id_tec_1823,,
id_tec_1824,,
id_tec_1825,,
id_tec_1826,,
id_tec_1827,,
id_tec_1828,,
id_tec_1829,,
id_tec_1830,,
id_tec_1831,,
id_tec_1832,,
id_tec_1833,,
id_tec_1834,,
id_tec_1835,,
id_tec_1836,,
id_tec_1837,,
id_tec_1838,,
id_tec_1839,,
id_tec_1840,,
id_tec_1841,,
id_tec_1842,,
id_tec_1843,,
id_tec_1844,,
id_tec_1845,,
id_tec_1846,,
id_tec_1847,,
id_tec_1848,,
id_tec_1849,,
id_tec_1850,,
id_tec_1851,,
id_tec_1852,,
id_tec_1853,,
id_tec_1854,,
id_tec_1855,,
id_tec_1856,,
id_tec_1857,,
id_tec_1858,,
id_tec_1859,,
id_tec_1860,,
id_tec_1861,,
id_tec_1862,,
id_tec_1863,,
id_tec_1864,,
id_tec_1865,,
id_tec_1866,,
id_tec_1867,,
id_tec_1868,,
id_tec_1869,,
id_tec_1870,,
id_tec_1871,,
id_tec_1872,,
id_tec_1873,,
id_tec_1874,,
id_tec_1875,,
id_tec_1876,,
id_tec_1877,,
id_tec_1878,,
id_tec_1879,,
id_tec_1880,,
id_tec_1881,,
id_tec_1882,Español,Alto
id_tec_1882,Italiano,Alto
id_tec_1883,Inglés,Alto
id_tec_1884,,
id_tec_1885,Inglés,Excelente
id_tec_1886,Inglés,Excelente
id_tec_1887,,
id_tec_1888,,
id_tec_1889,,
id_tec_1890,,
id_tec_1891,,
id_tec_1892,,
id_tec_1893,,
id_tec_1894,,
id_tec_1895,Inglés,Alto
id_tec_1896,Inglés,Alto
id_tec_1897,Catalán,Alto
id_tec_1898,Inglés,Alto
id_tec_1899,,
id_tec_1900,,
id_tec_1901,,
id_tec_1902,,
id_tec_1903,Inglés,Alto
id_tec_1904,,
id_tec_1905,,
id_tec_1906,,
id_tec_1907,,
id_tec_1908,,
id_tec_1909,,
id_tec_1910,,
id_tec_1911,,
id_tec_1912,,
id_tec_1913,,
id_tec_1914,,
id_tec_1915,,
id_tec_1916,,
id_tec_1917,,
id_tec_1918,,
id_tec_1919,,
id_tec_1920,,
id_tec_1921,,
id_tec_1922,,
id_tec_1923,,
id_tec_1924,,
id_tec_1925,,
id_tec_1926,,
id_tec_1927,,
id_tec_1928,,
id_tec_1929,,
id_tec_1930,Inglés,Medio
id_tec_1931,,
id_tec_1932,,
id_tec_1933,,
id_tec_1934,Inglés,Alto
id_tec_1935,Inglés,Medio
id_tec_1936,,
id_tec_1937,Inglés,Medio
id_tec_1938,,
id_tec_1939,Inglés,Alto
id_tec_1940,,
id_tec_1941,Inglés,Alto
id_tec_1942,,
id_tec_1943,,
id_tec_1944,Inglés,Medio
id_tec_1945,,
id_tec_1946,,
id_tec_1947,,
id_tec_1948,,
id_tec_1949,,
id_tec_1950,,
id_tec_1951,,
id_tec_1952,,
id_tec_1953,,
id_tec_1954,,
id_tec_1955,,
id_tec_1956,,
id_tec_1957,,
id_tec_1958,,
id_tec_1959,,
id_tec_1960,,
id_tec_1961,,
id_tec_1962,,
id_tec_1963,,
id_tec_1964,,
id_tec_1965,,
id_tec_1966,,
id_tec_1967,,
id_tec_1968,,
id_tec_1969,,
id_tec_1970,,
id_tec_1971,,
id_tec_1972,,
id_tec_1973,,
id_tec_1974,,
id_tec_1975,,
id_tec_1976,,
id_tec_1977,,
id_tec_1978,,
id_tec_1979,,
id_tec_1980,,
id_tec_1981,,
id_tec_1982,,
id_tec_1983,,
id_tec_1984,,
id_tec_1985,,
id_tec_1986,,
id_tec_1987,,
id_tec_1988,,
id_tec_1989,,
id_tec_1990,,
id_tec_1991,,
id_tec_1992,,
id_tec_1993,,
id_tec_1994,,
id_tec_1995,,
id_tec_1996,,
id_tec_1997,,
id_tec_1998,,
id_tec_1999,,
id_tec_2000,,
id_tec_2001,Catalán,Alto
id_tec_2002,,
id_tec_2003,,
id_tec_2004,,
id_tec_2005,,
id_tec_2006,,
id_tec_2007,,
id_tec_2008,,
id_tec_2009,,
id_tec_2010,,
id_tec_2011,,
id_tec_2012,,
id_tec_2013,,
id_tec_2014,,
id_tec_2015,,
id_tec_2016,,
id_tec_2017,,
id_tec_2018,Inglés,Alto
id_tec_2019,,
id_tec_2020,,
id_tec_2021,,
id_tec_2022,,
id_tec_2023,,
id_tec_2024,,
id_tec_2025,,
id_tec_2026,,
id_tec_2027,,
id_tec_2028,,
id_tec_2029,Inglés,Medio
id_tec_2030,,
id_tec_2031,,
id_tec_2032,,
id_tec_2033,,
id_tec_2034,,
id_tec_2035,,
id_tec_2036,,
id_tec_2037,,
id_tec_2038,,
id_tec_2039,Inglés,Excelente
id_tec_2040,,
id_tec_2041,,
id_tec_2042,,
id_tec_2043,,
id_tec_2044,,
id_tec_2045,,
id_tec_2046,,
id_tec_2047,,
id_tec_2048,,
id_tec_2049,,
id_tec_2050,,
id_tec_2051,,
id_tec_2052,,
id_tec_2053,,
id_tec_2054,Inglés,Alto
id_tec_2055,Inglés,Alto
id_tec_2056,,
id_tec_2057,Inglés,Medio
id_tec_2058,,
id_tec_2059,,
id_tec_2060,,
id_tec_2061,Inglés,Excelente
id_tec_2062,Inglés,Alto
id_tec_2062,Italiano,Alto
id_tec_2063,,
id_tec_2064,Alemán,Alto
id_tec_2064,Inglés,Alto
id_tec_2065,,
id_tec_2066,,
id_tec_2067,,
id_tec_2068,,
id_tec_2069,,
id_tec_2070,Francés,Alto
id_tec_2070,Inglés,Alto
id_tec_2071,Inglés,Medio
id_tec_2072,,
id_tec_2073,,
id_tec_2074,,
id_tec_2075,,
id_tec_2076,,
id_tec_2077,,
id_tec_2078,,
id_tec_2079,,
id_tec_2080,,
id_tec_2081,Inglés,Alto
id_tec_2082,,
id_tec_2083,,
id_tec_2084,,
id_tec_2085,Inglés,Alto
id_tec_2086,,
id_tec_2087,,
id_tec_2088,,
id_tec_2089,,
id_tec_2090,,
id_tec_2091,,
id_tec_2092,,
id_tec_2093,,
id_tec_2094,,
id_tec_2095,,
id_tec_2096,,
id_tec_2097,,
id_tec_2098,,
id_tec_2099,,
id_tec_2100,,
id_tec_2101,,
id_tec_2102,,
id_tec_2103,,
id_tec_2104,,
id_tec_2105,,
id_tec_2106,,
id_tec_2107,,
id_tec_2108,,
id_tec_2109,,
id_tec_2110,,
id_tec_2111,,
id_tec_2112,,
id_tec_2113,,
id_tec_2114,,
id_tec_2115,,
id_tec_2116,,
id_tec_2117,,
id_tec_2118,,
id_tec_2119,,
id_tec_2120,,
id_tec_2121,,
id_tec_2122,,
id_tec_2123,,
id_tec_2124,,
id_tec_2125,,
id_tec_2126,,
id_tec_2127,Inglés,Alto
id_tec_2128,,
id_tec_2129,,
id_tec_2130,,
id_tec_2131,,
id_tec_2132,,
id_tec_2133,,
id_tec_2134,,
id_tec_2135,,
id_tec_2136,,
id_tec_2137,,
id_tec_2138,,
id_tec_2139,,
id_tec_2140,,
id_tec_2141,,
id_tec_2142,,
id_tec_2143,Inglés,Alto
id_tec_2144,,
id_tec_2145,,
id_tec_2146,,
id_tec_2147,,
id_tec_2148,,
id_tec_2149,,
id_tec_2150,,
id_tec_2151,,
id_tec_2152,,
id_tec_2153,,
id_tec_2154,,
id_tec_2155,,
id_tec_2156,,
id_tec_2157,,
id_tec_2158,,
id_tec_2159,,
id_tec_2160,,
id_tec_2161,,
id_tec_2162,,
id_tec_2163,,
id_tec_2164,,
id_tec_2165,,
id_tec_2166,,
id_tec_2167,,
id_tec_2168,,
id_tec_2169,Inglés,Alto
id_tec_2170,Inglés,Medio
id_tec_2171,Alemán,Alto
id_tec_2171,Inglés,Alto
id_tec_2172,Alemán,Alto
id_tec_2172,Inglés,Alto
id_tec_2173,,
id_tec_2174,,
id_tec_2175,,
id_tec_2176,Inglés,Medio
id_tec_2177,Inglés,Alto
id_tec_2178,Inglés,Medio
id_tec_2178,Español,Excelente
id_tec_2179,,
id_tec_2180,,
id_tec_2181,Inglés,Medio
id_tec_2182,,
id_tec_2183,,
id_tec_2184,,
id_tec_2185,,
id_tec_2186,,
id_tec_2187,,
id_tec_2188,,
id_tec_2189,,
id_tec_2190,,
id_tec_2191,,
id_tec_2192,,
id_tec_2193,,
id_tec_2194,,
id_tec_2195,,
id_tec_2196,Inglés,Alto
id_tec_2197,,
id_tec_2198,,
id_tec_2199,,
id_tec_2200,,
id_tec_2201,,
id_tec_2202,,
id_tec_2203,Inglés,Alto
id_tec_2204,,
id_tec_2205,,
id_tec_2206,,
id_tec_2207,,
id_tec_2208,,
id_tec_2209,,
id_tec_2210,,
id_tec_2211,,
id_tec_2212,,
id_tec_2213,,
id_tec_2214,,
id_tec_2215,,
id_tec_2216,,
id_tec_2217,,
id_tec_2218,,
id_tec_2219,,
id_tec_2220,,
id_tec_2221,,
id_tec_2222,,
id_tec_2223,,
id_tec_2224,,
id_tec_2225,,
id_tec_2226,,
id_tec_2227,,
id_tec_2228,,
id_tec_2229,,
id_tec_2230,,
id_tec_2231,,
id_tec_2232,,
id_tec_2233,,
id_tec_2234,Inglés,Alto
id_tec_2235,,
id_tec_2236,,
id_tec_2237,Catalán,Alto
id_tec_2237,Inglés,Alto
id_tec_2238,,
id_tec_2239,,
id_tec_2240,,
id_tec_2241,,
id_tec_2242,,
id_tec_2243,,
id_tec_2244,,
id_tec_2245,,
id_tec_2246,,
id_tec_2247,,
id_tec_2248,,
id_tec_2249,,
id_tec_2250,,
id_tec_2251,Inglés,Alto
id_tec_2252,Inglés,Alto
id_tec_2253,,
id_tec_2254,,
id_tec_2255,Inglés,Alto
id_tec_2256,,
id_tec_2257,Inglés,Alto
id_tec_2258,Inglés,Alto
id_tec_2258,Francés,Alto
id_tec_2259,,
id_tec_2260,,
id_tec_2261,,
id_tec_2262,Inglés,Alto
id_tec_2263,,
id_tec_2264,,
id_tec_2265,,
id_tec_2266,Inglés,Alto
id_tec_2267,,
id_tec_2268,,
id_tec_2269,,
id_tec_2270,Inglés,Alto
id_tec_2271,,
id_tec_2272,,
id_tec_2273,,
id_tec_2274,,
id_tec_2275,,
id_tec_2276,,
id_tec_2277,,
id_tec_2278,,
id_tec_2279,,
id_tec_2280,,
id_tec_2281,,
id_tec_2282,,
id_tec_2283,,
id_tec_2284,,
id_tec_2285,,
id_tec_2286,,
id_tec_2287,,
id_tec_2288,,
id_tec_2289,,
id_tec_2290,,
id_tec_2291,,
id_tec_2292,,
id_tec_2293,,
id_tec_2294,,
id_tec_2295,,
id_tec_2296,,
id_tec_2297,,
id_tec_2298,,
id_tec_2299,,
id_tec_2300,,
id_tec_2301,,
id_tec_2302,,
id_tec_2303,,
id_tec_2304,,
id_tec_2305,,
id_tec_2306,,
id_tec_2307,,
id_tec_2308,,
id_tec_2309,,
id_tec_2310,,
id_tec_2311,,
id_tec_2312,,
id_tec_2313,,
id_tec_2314,,
id_tec_2315,Inglés,Alto
id_tec_2316,Catalán,Alto
id_tec_2317,,
id_tec_2318,,
id_tec_2319,,
id_tec_2320,,
id_tec_2321,,
id_tec_2322,,
id_tec_2323,,
id_tec_2324,,
id_tec_2325,,
id_tec_2326,,
id_tec_2327,,
id_tec_2328,,
id_tec_2329,,
id_tec_2330,,
id_tec_2331,,
id_tec_2332,,
id_tec_2333,,
id_tec_2334,,
id_tec_2335,,
id_tec_2336,,
id_tec_2337,,
id_tec_2338,,
id_tec_2339,,
id_tec_2340,,
id_tec_2341,,
id_tec_2342,,
id_tec_2343,Inglés,Alto
id_tec_2344,,
id_tec_2345,Inglés,Alto
id_tec_2346,Español,Alto
id_tec_2346,Inglés,Alto
id_tec_2347,,
id_tec_2348,Inglés,Alto
id_tec_2349,Español,Excelente
id_tec_2349,Inglés,Alto
id_tec_2350,,
id_tec_2351,,
id_tec_2352,,
id_tec_2353,,
id_tec_2354,Inglés,Alto
id_tec_2355,Inglés,Alto
id_tec_2356,,
id_tec_2357,,
id_tec_2358,,
id_tec_2359,,
id_tec_2360,,
id_tec_2361,,
id_tec_2362,,
id_tec_2363,,
id_tec_2364,Inglés,Alto
id_tec_2365,Inglés,Alto
id_tec_2366,,
id_tec_2367,Inglés,Medio
id_tec_2368,,
id_tec_2369,,
id_tec_2370,,
id_tec_2371,,
id_tec_2372,,
id_tec_2373,,
id_tec_2374,,
id_tec_2375,,
id_tec_2376,Inglés,Alto
id_tec_2377,,
id_tec_2378,Inglés,Alto
id_tec_2379,,
id_tec_2380,Inglés,Medio
id_tec_2381,,
id_tec_2382,,
id_tec_2383,,
id_tec_2384,,
id_tec_2385,,
id_tec_2386,,
id_tec_2387,,
id_tec_2388,,
id_tec_2389,,
id_tec_2390,,
id_tec_2391,,
id_tec_2392,,
id_tec_2393,,
id_tec_2394,,
id_tec_2395,,
id_tec_2396,,
id_tec_2397,Inglés,Alto
id_tec_2398,,
id_tec_2399,,
id_tec_2400,,
id_tec_2401,,
id_tec_2402,,
id_tec_2403,,
id_tec_2404,,
id_tec_2405,,
id_tec_2406,,
id_tec_2407,,
id_tec_2408,,
id_tec_2409,Inglés,Alto
id_tec_2410,,
id_tec_2411,,
id_tec_2412,Inglés,Alto
id_tec_2413,Inglés,Alto
id_tec_2414,,
id_tec_2415,,
id_tec_2416,,
id_tec_2417,,
id_tec_2418,Inglés,Alto
id_tec_2419,Inglés,Alto
id_tec_2420,,
id_tec_2421,,
id_tec_2422,Inglés,Alto
id_tec_2423,Inglés,Alto
id_tec_2424,,
id_tec_2425,,
id_tec_2426,,
id_tec_2427,Inglés,Medio
id_tec_2428,,
id_tec_2429,,
id_tec_2430,,
id_tec_2431,Inglés,Alto
id_tec_2432,,
id_tec_2433,,
id_tec_2434,,
id_tec_2435,,
id_tec_2436,,
id_tec_2437,,
id_tec_2438,,
id_tec_2439,,
id_tec_2440,,
id_tec_2441,,
id_tec_2442,,
id_tec_2443,,
id_tec_2444,,
id_tec_2445,,
id_tec_2446,,
id_tec_2447,,
id_tec_2448,,
id_tec_2449,,
id_tec_2450,,
id_tec_2451,,
id_tec_2452,,
id_tec_2453,,
id_tec_2454,,
id_tec_2455,,
id_tec_2456,,
id_tec_2457,,
id_tec_2458,,
id_tec_2459,,
id_tec_2460,,
id_tec_2461,,
id_tec_2462,,
id_tec_2463,,
id_tec_2464,,
id_tec_2465,,
id_tec_2466,,
id_tec_2467,,
id_tec_2468,,
id_tec_2469,,
id_tec_2470,,
id_tec_2471,Inglés,Alto
id_tec_2472,,
id_tec_2473,,
id_tec_2474,,
id_tec_2475,,
id_tec_2476,,
id_tec_2477,,
id_tec_2478,,
id_tec_2479,,
id_tec_2480,,
id_tec_2481,,
id_tec_2482,,
id_tec_2483,,
id_tec_2484,,
id_tec_2485,,
id_tec_2486,,
id_tec_2487,,
id_tec_2488,,
id_tec_2489,,
id_tec_2490,,
id_tec_2491,,
id_tec_2492,,
id_tec_2493,,
id_tec_2494,,
id_tec_2495,,
id_tec_2496,,
id_tec_2497,,
id_tec_2498,,
id_tec_2499,,
id_tec_2500,,
id_tec_2501,,
id_tec_2502,Inglés,Medio
id_tec_2503,,
id_tec_2504,Inglés,Medio
id_tec_2505,,
id_tec_2506,,
id_tec_2507,,
id_tec_2508,Inglés,Alto
id_tec_2509,Inglés,Alto
id_tec_2510,,
id_tec_2511,,
id_tec_2512,,
id_tec_2513,,
id_tec_2514,,
id_tec_2515,,
id_tec_2516,,
id_tec_2517,,
id_tec_2518,,
id_tec_2519,,
id_tec_2520,,
id_tec_2521,Español,Alto
id_tec_2521,Inglés,Alto
id_tec_2522,Español,Alto
id_tec_2522,Inglés,Alto
id_tec_2523,,
id_tec_2524,,
id_tec_2525,Inglés,Alto
id_tec_2526,Inglés,Alto
id_tec_2527,,
id_tec_2528,Inglés,Medio
id_tec_2529,,
id_tec_2530,,
id_tec_2531,,
id_tec_2532,,
id_tec_2533,Inglés,Alto
id_tec_2534,,
id_tec_2535,Inglés,Alto
id_tec_2536,Inglés,Alto
id_tec_2537,Inglés,Alto
id_tec_2538,Inglés,Medio
id_tec_2539,Inglés,Medio
id_tec_2540,,
id_tec_2541,,
id_tec_2542,,
id_tec_2543,,
id_tec_2544,,
id_tec_2545,,
id_tec_2546,,
id_tec_2547,,
id_tec_2548,,
id_tec_2549,,
id_tec_2550,,
id_tec_2551,,
id_tec_2552,,
id_tec_2553,,
id_tec_2554,,
id_tec_2555,,
id_tec_2556,,
id_tec_2557,,
id_tec_2558,,
id_tec_2559,,
id_tec_2560,,
id_tec_2561,,
id_tec_2562,,
id_tec_2563,,
id_tec_2564,,
id_tec_2565,,
id_tec_2566,,
id_tec_2567,,
id_tec_2568,,
id_tec_2569,,
id_tec_2570,,
id_tec_2571,,
id_tec_2572,,
id_tec_2573,,
id_tec_2574,,
id_tec_2575,,
id_tec_2576,,
id_tec_2577,,
id_tec_2578,,
id_tec_2579,,
id_tec_2580,Catalán,Excelente
id_tec_2581,,
id_tec_2582,,
id_tec_2583,,
id_tec_2584,,
id_tec_2585,,
id_tec_2586,,
id_tec_2587,,
id_tec_2588,Español,Excelente
id_tec_2588,Inglés,Excelente
id_tec_2589,,
id_tec_2590,Inglés,Medio
id_tec_2591,Inglés,Alto
id_tec_2592,,
id_tec_2593,,
id_tec_2594,,
id_tec_2595,,
id_tec_2596,,
id_tec_2597,,
id_tec_2598,Inglés,Alto
id_tec_2599,,
id_tec_2600,Inglés,Alto
id_tec_2601,,
id_tec_2602,,
id_tec_2603,,
id_tec_2604,,
id_tec_2605,,
id_tec_2606,,
id_tec_2607,,
id_tec_2608,,
id_tec_2609,,
id_tec_2610,,
id_tec_2611,,
id_tec_2612,,
id_tec_2613,,
id_tec_2614,,
id_tec_2615,,
id_tec_2616,,
id_tec_2617,,
id_tec_2618,,
id_tec_2619,,
id_tec_2620,,
id_tec_2621,,
id_tec_2622,,
id_tec_2623,,
id_tec_2624,,
id_tec_2625,,
id_tec_2626,Inglés,Medio
id_tec_2627,,
id_tec_2628,,
id_tec_2629,,
id_tec_2630,Inglés,Alto
id_tec_2631,,
id_tec_2632,,
id_tec_2633,,
id_tec_2634,,
id_tec_2635,,
id_tec_2636,,
id_tec_2637,,
id_tec_2638,,
id_tec_2639,,
id_tec_2640,,
id_tec_2641,,
id_tec_2642,,
id_tec_2643,Inglés,Medio
id_tec_2644,,
id_tec_2645,,
id_tec_2646,,
id_tec_2647,,
id_tec_2648,,
id_tec_2649,Inglés,Alto
id_tec_2650,,
id_tec_2651,,
id_tec_2652,,
id_tec_2653,,
id_tec_2654,,
id_tec_2655,,
id_tec_2656,,
id_tec_2657,,
id_tec_2658,,
id_tec_2659,,
id_tec_2660,,
id_tec_2661,Inglés,Alto
id_tec_2662,Inglés,Alto
id_tec_2663,Inglés,Alto
id_tec_2664,Inglés,Alto
id_tec_2665,Inglés,Alto
id_tec_2666,Inglés,Alto
id_tec_2667,Inglés,Alto
id_tec_2668,Inglés,Alto
id_tec_2669,,
id_tec_2670,Inglés,Alto
id_tec_2670,Español,Excelente
id_tec_2671,,
id_tec_2672,,
id_tec_2673,Inglés,Medio
id_tec_2674,,
id_tec_2675,,
id_tec_2676,,
id_tec_2677,,
id_tec_2678,,
id_tec_2679,Inglés,Alto
id_tec_2680,Inglés,Medio
id_tec_2681,Inglés,Medio
id_tec_2682,Español,Alto
id_tec_2682,Inglés,Alto
id_tec_2683,Inglés,Alto
id_tec_2684,,
id_tec_2685,,
id_tec_2686,,
id_tec_2687,Inglés,Alto
id_tec_2688,Inglés,Medio
id_tec_2689,,
id_tec_2690,,
id_tec_2691,,
id_tec_2692,Inglés,Alto
id_tec_2693,,
id_tec_2694,,
id_tec_2695,Inglés,Medio
id_tec_2696,,
id_tec_2697,,
id_tec_2698,Inglés,Medio
id_tec_2699,,
id_tec_2700,,
id_tec_2701,,
id_tec_2702,Español,Alto
id_tec_2702,Inglés,Alto
id_tec_2703,,
id_tec_2704,Inglés,Alto
id_tec_2705,Inglés,Alto
id_tec_2706,,
id_tec_2707,,
id_tec_2708,,
id_tec_2709,Inglés,Alto
id_tec_2710,,
id_tec_2711,,
id_tec_2712,,
id_tec_2713,,
id_tec_2714,,
id_tec_2715,,
id_tec_2716,,
id_tec_2717,,
id_tec_2718,,
id_tec_2719,Inglés,Alto
id_tec_2720,,
id_tec_2721,,
id_tec_2722,,
id_tec_2723,Inglés,Alto
id_tec_2724,,
id_tec_2725,,
id_tec_2726,,
id_tec_2727,,
id_tec_2728,Inglés,Alto
id_tec_2729,,
id_tec_2730,,
id_tec_2731,,
id_tec_2732,,
id_tec_2733,,
id_tec_2734,,
id_tec_2735,,
id_tec_2736,,
id_tec_2737,,
id_tec_2738,Inglés,Alto
id_tec_2739,,
id_tec_2740,Inglés,Alto
id_tec_2741,,
id_tec_2742,,
id_tec_2743,,
id_tec_2744,,
id_tec_2745,,
id_tec_2746,,
id_tec_2747,Inglés,Alto
id_tec_2748,,
id_tec_2749,,
id_tec_2750,,
id_tec_2751,,
id_tec_2752,Inglés,Alto
id_tec_2753,,
id_tec_2754,,
id_tec_2755,,
id_tec_2756,,
id_tec_2757,,
id_tec_2758,Inglés,Alto
id_tec_2759,Inglés,Alto
id_tec_2760,,
id_tec_2761,,
id_tec_2762,,
id_tec_2763,,
id_tec_2764,,
id_tec_2765,,
id_tec_2766,,
id_tec_2767,,
id_tec_2768,,
id_tec_2769,,
id_tec_2770,,
id_tec_2771,,
id_tec_2772,,
id_tec_2773,,
id_tec_2774,,
id_tec_2775,,
id_tec_2776,Inglés,Medio
id_tec_2777,,
id_tec_2778,Inglés,Alto
id_tec_2779,,
id_tec_2780,,
id_tec_2781,,
id_tec_2782,,
id_tec_2783,,
id_tec_2784,,
id_tec_2785,,
id_tec_2786,Inglés,Alto
id_tec_2787,Inglés,Alto
id_tec_2788,Inglés,Medio
id_tec_2789,Inglés,Alto
id_tec_2790,Inglés,Alto
id_tec_2791,,
id_tec_2792,,
id_tec_2793,Inglés,Alto
id_tec_2794,,
id_tec_2795,Español,Excelente
id_tec_2795,Inglés,Alto
id_tec_2796,Euskera,Alto
id_tec_2797,,
id_tec_2798,,
id_tec_2799,Inglés,Alto
id_tec_2800,Inglés,Alto
id_tec_2801,,
id_tec_2802,Inglés,Alto
id_tec_2803,,
id_tec_2804,,
id_tec_2805,,
id_tec_2806,Inglés,Alto
id_tec_2807,,
id_tec_2808,,
id_tec_2809,,
id_tec_2810,,
id_tec_2811,,
id_tec_2812,,
id_tec_2813,,
id_tec_2814,,
id_tec_2815,,
id_tec_2816,,
id_tec_2817,,
id_tec_2818,,
id_tec_2819,,
id_tec_2820,,
id_tec_2821,,
id_tec_2822,,
id_tec_2823,,
id_tec_2824,Francés,Alto
id_tec_2825,,
id_tec_2826,,
id_tec_2827,,
id_tec_2828,,
id_tec_2829,Español,Alto
id_tec_2830,,
id_tec_2831,,
id_tec_2832,,
id_tec_2833,,
id_tec_2834,,
id_tec_2835,,
id_tec_2836,,
id_tec_2837,,
id_tec_2838,,
id_tec_2839,,
id_tec_2840,,
id_tec_2841,Inglés,Medio
id_tec_2842,Inglés,Alto
id_tec_2843,,
id_tec_2844,Inglés,Alto
id_tec_2845,Inglés,Alto
id_tec_2846,Inglés,Alto
id_tec_2847,,
id_tec_2848,Francés,Alto
id_tec_2848,Inglés,Alto
id_tec_2849,Inglés,Alto
id_tec_2850,,
id_tec_2851,Inglés,Alto
id_tec_2852,,
id_tec_2853,,
id_tec_2854,,
id_tec_2855,,
id_tec_2856,Inglés,Alto
id_tec_2857,,
id_tec_2858,,
id_tec_2859,,
id_tec_2860,,
id_tec_2861,,
id_tec_2862,Inglés,Alto
id_tec_2863,,
id_tec_2864,,
id_tec_2865,Inglés,Medio
id_tec_2866,,
id_tec_2867,,
id_tec_2868,Inglés,Alto
id_tec_2869,,
id_tec_2870,Inglés,Alto
id_tec_2871,,
id_tec_2872,Inglés,Alto
id_tec_2873,,
id_tec_2874,,
id_tec_2875,,
id_tec_2876,,
id_tec_2877,,
id_tec_2878,Inglés,Medio
id_tec_2879,,
id_tec_2880,,
id_tec_2881,,
id_tec_2882,,
id_tec_2883,,
id_tec_2884,,
id_tec_2885,,
id_tec_2886,,
id_tec_2887,,
id_tec_2888,,
id_tec_2889,Alemán,Alto
id_tec_2890,,
id_tec_2891,,
id_tec_2892,,
id_tec_2893,,
id_tec_2894,Inglés,Alto
id_tec_2895,Inglés,Alto
id_tec_2896,,
id_tec_2897,,
id_tec_2898,Inglés,Medio
id_tec_2899,,
id_tec_2900,Inglés,Alto
id_tec_2901,,
id_tec_2902,,
id_tec_2903,,
id_tec_2904,,
id_tec_2905,,
id_tec_2906,,
id_tec_2907,,
id_tec_2908,Inglés,Alto
id_tec_2909,,
id_tec_2910,,
id_tec_2911,,
id_tec_2912,,
id_tec_2913,Inglés,Alto
id_tec_2914,,
id_tec_2915,,
id_tec_2916,,
id_tec_2917,,
id_tec_2918,Inglés,Alto
id_tec_2919,Inglés,Medio
id_tec_2920,,
id_tec_2921,Español,Excelente
id_tec_2922,Inglés,Alto
id_tec_2923,Inglés,Alto
id_tec_2924,,
id_tec_2925,,
id_tec_2926,,
id_tec_2927,,
id_tec_2928,,
id_tec_2929,,
id_tec_2930,,
id_tec_2931,,
id_tec_2932,,
id_tec_2933,,
id_tec_2934,,
id_tec_2935,Español,Excelente
id_tec_2936,,
id_tec_2937,,
id_tec_2938,,
id_tec_2939,,
id_tec_2940,,
id_tec_2941,,
id_tec_2942,Inglés,Alto
id_tec_2943,Inglés,Alto
id_tec_2944,,
id_tec_2945,Inglés,Alto
id_tec_2946,,
id_tec_2947,,
id_tec_2948,,
id_tec_2949,,
id_tec_2950,,
id_tec_2951,Inglés,Alto
id_tec_2952,,
id_tec_2953,,
id_tec_2954,,
id_tec_2955,Inglés,Alto
id_tec_2956,,
id_tec_2957,Inglés,Alto
id_tec_2958,,
id_tec_2959,,
id_tec_2960,,
id_tec_2961,Inglés,Alto
id_tec_2962,,
id_tec_2963,,
id_tec_2964,,
id_tec_2965,Inglés,Alto
id_tec_2966,Inglés,Alto
id_tec_2967,Inglés,Alto
id_tec_2968,,
id_tec_2969,,
id_tec_2970,Inglés,Medio
id_tec_2971,Alemán,Alto
id_tec_2971,Inglés,Alto
id_tec_2972,,
id_tec_2973,,
id_tec_2974,Inglés,Alto
id_tec_2975,,
id_tec_2976,,
id_tec_2977,,
id_tec_2978,,
id_tec_2979,,
id_tec_2980,,
id_tec_2981,Inglés,Medio
id_tec_2982,Inglés,Alto
id_tec_2983,,
id_tec_2984,Inglés,Medio
id_tec_2985,,
id_tec_2986,,
id_tec_2987,,
id_tec_2988,Inglés,Alto
id_tec_2988,Alemán,Alto
id_tec_2989,Inglés,Alto
id_tec_2990,Inglés,Alto
id_tec_2991,,
id_tec_2992,,
id_tec_2993,Inglés,Alto
id_tec_2994,,
id_tec_2995,,
id_tec_2996,,
id_tec_2997,,
id_tec_2998,,
id_tec_2999,Inglés,Medio
id_tec_3000,,
id_tec_3001,,
id_tec_3002,,
id_tec_3003,,
id_tec_3004,,
id_tec_3005,,
id_tec_3006,,
id_tec_3007,,
id_tec_3008,,
id_tec_3009,,
id_tec_3010,Inglés,Alto
id_tec_3011,,
id_tec_3012,,
id_tec_3013,,
id_tec_3014,,
id_tec_3015,,
id_tec_3016,,
id_tec_3017,,
id_tec_3018,,
id_tec_3019,Inglés,Alto
id_tec_3020,,
id_tec_3021,,
id_tec_3022,,
id_tec_3023,Alemán,Excelente
id_tec_3024,Inglés,Alto
id_tec_3025,,
id_tec_3026,,
id_tec_3027,Español,Excelente
id_tec_3027,Inglés,Alto
id_tec_3028,,
id_tec_3029,,
id_tec_3030,,
id_tec_3031,,
id_tec_3032,,
id_tec_3033,,
id_tec_3034,Inglés,Alto
id_tec_3035,,
id_tec_3036,,
id_tec_3037,,
id_tec_3038,,
id_tec_3039,,
id_tec_3040,,
id_tec_3041,,
id_tec_3042,,
id_tec_3043,,
id_tec_3044,,
id_tec_3045,,
id_tec_3046,,
id_tec_3047,,
id_tec_3048,Inglés,Alto
id_tec_3049,,
id_tec_3050,,
id_tec_3051,Inglés,Alto
id_tec_3051,Alemán,Alto
id_tec_3052,,
id_tec_3053,,
id_tec_3054,,
id_tec_3055,,
id_tec_3056,,
id_tec_3057,,
id_tec_3058,,
id_tec_3059,,
id_tec_3060,,
id_tec_3061,,
id_tec_3062,,
id_tec_3063,,
id_tec_3064,,
id_tec_3065,,
id_tec_3066,,
id_tec_3067,,
id_tec_3068,,
id_tec_3069,,
id_tec_3070,Inglés,Alto
id_tec_3071,,
id_tec_3072,,
id_tec_3073,,
id_tec_3074,Inglés,Alto
id_tec_3075,Inglés,Alto
id_tec_3076,,
id_tec_3077,,
id_tec_3078,,
id_tec_3079,,
id_tec_3080,,
id_tec_3081,,
id_tec_3082,,
id_tec_3083,,
id_tec_3084,,
id_tec_3085,Inglés,Alto
id_tec_3086,,
id_tec_3087,,
id_tec_3088,,
id_tec_3089,,
id_tec_3090,,
id_tec_3091,,
id_tec_3092,,
id_tec_3093,,
id_tec_3094,,
id_tec_3095,,
id_tec_3096,,
id_tec_3097,,
id_tec_3098,,
id_tec_3099,,
id_tec_3100,,
id_tec_3101,,
id_tec_3102,Alemán,Alto
id_tec_3103,,
id_tec_3104,Inglés,Alto
id_tec_3105,,
id_tec_3106,,
id_tec_3107,,
id_tec_3108,,
id_tec_3109,,
id_tec_3110,,
id_tec_3111,,
id_tec_3112,,
id_tec_3113,,
id_tec_3114,,
id_tec_3115,,
id_tec_3116,Inglés,Alto
id_tec_3117,,
id_tec_3118,,
id_tec_3119,,
id_tec_3120,,
id_tec_3121,,
id_tec_3122,,
id_tec_3123,,
id_tec_3124,,
id_tec_3125,,
id_tec_3126,,
id_tec_3127,,
id_tec_3128,,
id_tec_3129,,
id_tec_3130,,
id_tec_3131,,
id_tec_3132,,
id_tec_3133,,
id_tec_3134,,
id_tec_3135,,
id_tec_3136,,
id_tec_3137,,
id_tec_3138,Inglés,Alto
id_tec_3139,,
id_tec_3140,,
id_tec_3141,Inglés,Medio
id_tec_3141,Español,Excelente
id_tec_3142,,
id_tec_3143,,
id_tec_3144,,
id_tec_3145,,
id_tec_3146,,
id_tec_3147,,
id_tec_3148,,
id_tec_3149,,
id_tec_3150,Inglés,Medio
id_tec_3151,Español,Excelente
id_tec_3152,,
id_tec_3153,,
id_tec_3154,,
id_tec_3155,,
id_tec_3156,,
id_tec_3157,,
id_tec_3158,Inglés,Alto
id_tec_3159,,
id_tec_3160,,
id_tec_3161,,
id_tec_3162,,
id_tec_3163,,
id_tec_3164,,
id_tec_3165,Inglés,Medio
id_tec_3166,,
id_tec_3167,,
id_tec_3168,Inglés,Alto
id_tec_3169,,
id_tec_3170,Alemán,Medio
id_tec_3170,Inglés,Medio
id_tec_3171,,
id_tec_3172,,
id_tec_3173,,
id_tec_3174,,
id_tec_3175,,
id_tec_3176,,
id_tec_3177,,
id_tec_3178,,
id_tec_3179,,
id_tec_3180,,
id_tec_3181,,
id_tec_3182,,
id_tec_3183,,
id_tec_3184,,
id_tec_3185,,
id_tec_3186,,
id_tec_3187,,
id_tec_3188,,
id_tec_3189,,
id_tec_3190,,
id_tec_3191,,
id_tec_3192,,
id_tec_3193,,
id_tec_3194,,
id_tec_3195,,
id_tec_3196,,
id_tec_3197,,
id_tec_3198,,
id_tec_3199,,
id_tec_3200,,
id_tec_3201,,
id_tec_3202,,
id_tec_3203,,
id_tec_3204,,
id_tec_3205,,
id_tec_3206,,
id_tec_3207,,
id_tec_3208,,
id_tec_3209,,
id_tec_3210,,
id_tec_3211,,
id_tec_3212,,
id_tec_3213,,
id_tec_3214,,
id_tec_3215,,
id_tec_3216,,
id_tec_3217,,
id_tec_3218,,
id_tec_3219,,
id_tec_3220,,
id_tec_3221,,
id_tec_3222,,
id_tec_3223,Español,Excelente
id_tec_3224,Inglés,Medio
id_tec_3225,,
id_tec_3226,,
id_tec_3227,,
id_tec_3228,,
id_tec_3229,,
id_tec_3230,,
id_tec_3231,,
id_tec_3232,Inglés,Alto
id_tec_3233,,
id_tec_3234,,
id_tec_3235,,
id_tec_3236,,
id_tec_3237,,
id_tec_3238,,
id_tec_3239,,
id_tec_3240,,
id_tec_3241,,
id_tec_3242,,
id_tec_3243,,
id_tec_3244,,
id_tec_3245,,
id_tec_3246,,
id_tec_3247,,
id_tec_3248,,
id_tec_3249,,
id_tec_3250,,
id_tec_3251,,
id_tec_3252,,
id_tec_3253,,
id_tec_3254,Inglés,Medio
id_tec_3255,,
id_tec_3256,,
id_tec_3257,,
id_tec_3258,,
id_tec_3259,Inglés,Alto
id_tec_3260,,
id_tec_3261,,
id_tec_3262,,
id_tec_3263,,
id_tec_3264,,
id_tec_3265,,
id_tec_3266,Inglés,Alto
id_tec_3267,,
id_tec_3268,,
id_tec_3269,,
id_tec_3270,,
id_tec_3271,,
id_tec_3272,,
id_tec_3273,,
id_tec_3274,,
id_tec_3275,,
id_tec_3276,,
id_tec_3277,,
id_tec_3278,,
id_tec_3279,,
id_tec_3280,,
id_tec_3281,,
id_tec_3282,,
id_tec_3283,,
id_tec_3284,,
id_tec_3285,,
id_tec_3286,,
id_tec_3287,,
id_tec_3288,,
id_tec_3289,Inglés,Alto
id_tec_3290,,
id_tec_3291,,
id_tec_3292,,
id_tec_3293,,
id_tec_3294,,
id_tec_3295,,
id_tec_3296,,
id_tec_3297,Inglés,Alto
id_tec_3298,,
id_tec_3299,,
id_tec_3300,,
id_tec_3301,,
id_tec_3302,,
id_tec_3303,,
id_tec_3304,,
id_tec_3305,Inglés,Alto
id_tec_3305,Alemán,Alto
id_tec_3306,,
id_tec_3307,,
id_tec_3308,,
id_tec_3309,,
id_tec_3310,,
id_tec_3311,,
id_tec_3312,Inglés,Alto
id_tec_3313,,
id_tec_3314,Inglés,Alto
id_tec_3315,,
id_tec_3316,,
id_tec_3317,,
id_tec_3318,Inglés,Alto
id_tec_3319,,
id_tec_3320,,
id_tec_3321,,
id_tec_3322,,
id_tec_3323,,
id_tec_3324,,
id_tec_3325,,
id_tec_3326,,
id_tec_3327,,
id_tec_3328,,
id_tec_3329,,
id_tec_3330,Español,Excelente
id_tec_3331,,
id_tec_3332,,
id_tec_3333,,
id_tec_3334,,
id_tec_3335,,
id_tec_3336,,
id_tec_3337,,
id_tec_3338,,
id_tec_3339,,
id_tec_3340,,
id_tec_3341,,
id_tec_3342,,
id_tec_3343,,
id_tec_3344,,
id_tec_3345,,
id_tec_3346,,
id_tec_3347,,
id_tec_3348,,
id_tec_3349,,
id_tec_3350,,
id_tec_3351,,
id_tec_3352,,
id_tec_3353,,
id_tec_3354,,
id_tec_3355,Inglés,Medio
id_tec_3356,Inglés,Alto
id_tec_3357,,
id_tec_3358,,
id_tec_3359,,
id_tec_3360,,
id_tec_3361,,
id_tec_3362,,
id_tec_3363,,
id_tec_3364,,
id_tec_3365,,
id_tec_3366,,
id_tec_3367,,
id_tec_3368,,
id_tec_3369,,
id_tec_3370,,
id_tec_3371,,
id_tec_3372,,
id_tec_3373,,
id_tec_3374,,
id_tec_3375,,
id_tec_3376,,
id_tec_3377,,
id_tec_3378,,
id_tec_3379,,
id_tec_3380,,
id_tec_3381,,
id_tec_3382,,
id_tec_3383,,
id_tec_3384,Inglés,Alto
id_tec_3385,Inglés,Alto
id_tec_3386,Inglés,Alto
id_tec_3387,,
id_tec_3388,,
id_tec_3389,,
id_tec_3390,,
id_tec_3391,,
id_tec_3392,,
id_tec_3393,,
id_tec_3394,,
id_tec_3395,,
id_tec_3396,,
id_tec_3397,,
id_tec_3398,Inglés,Alto
id_tec_3399,,
id_tec_3400,,
id_tec_3401,,
id_tec_3402,,
id_tec_3403,,
id_tec_3404,,
id_tec_3405,,
id_tec_3406,,
id_tec_3407,,
id_tec_3408,,
id_tec_3409,,
id_tec_3410,,
id_tec_3411,,
id_tec_3412,,
id_tec_3413,,
id_tec_3414,,
id_tec_3415,,
id_tec_3416,,
id_tec_3417,,
id_tec_3418,,
id_tec_3419,,
id_tec_3420,,
id_tec_3421,,
id_tec_3422,,
id_tec_3423,,
id_tec_3424,,
id_tec_3425,,
id_tec_3426,,
id_tec_3427,,
id_tec_3428,,
id_tec_3429,,
id_tec_3430,,
id_tec_3431,,
id_tec_3432,,
id_tec_3433,,
id_tec_3434,,
id_tec_3435,,
id_tec_3436,,
id_tec_3437,,
id_tec_3438,,
id_tec_3439,,
id_tec_3440,,
id_tec_3441,,
id_tec_3442,,
id_tec_3443,,
id_tec_3444,,
id_tec_3445,,
id_tec_3446,,
id_tec_3447,,
id_tec_3448,,
id_tec_3449,,
id_tec_3450,,
id_tec_3451,,
id_tec_3452,,
id_tec_3453,,
id_tec_3454,,
id_tec_3455,,
id_tec_3456,,
id_tec_3457,,
id_tec_3458,,
id_tec_3459,,
id_tec_3460,,
id_tec_3461,,
id_tec_3462,,
id_tec_3463,,
id_tec_3464,,
id_tec_3465,,
id_tec_3466,,
id_tec_3467,,
id_tec_3468,,
id_tec_3469,,
id_tec_3470,,
id_tec_3471,,
id_tec_3472,,
id_tec_3473,,
id_tec_3474,,
id_tec_3475,,
id_tec_3476,,
id_tec_3477,,
id_tec_3478,,
id_tec_3479,,
id_tec_3480,,
id_tec_3481,,
id_tec_3482,,
id_tec_3483,,
id_tec_3484,,
id_tec_3485,,
id_tec_3486,,
id_tec_3487,,
id_tec_3488,,
id_tec_3489,,
id_tec_3490,,
id_tec_3491,,
id_tec_3492,,
id_tec_3493,,
id_tec_3494,,
id_tec_3495,,
id_tec_3496,,
id_tec_3497,,
id_tec_3498,,
id_tec_3499,,
id_tec_3500,,
id_tec_3501,,
id_tec_3502,,
id_tec_3503,,
id_tec_3504,,
id_tec_3505,Inglés,Alto
id_tec_3506,,
id_tec_3507,,
id_tec_3508,,
id_tec_3509,,
id_tec_3510,Español,Excelente
id_tec_3511,,
id_tec_3512,Inglés,Alto
id_tec_3513,Inglés,Alto
id_tec_3514,,
id_tec_3515,Catalán,Alto
id_tec_3516,Español,Excelente
id_tec_3517,Inglés,Excelente
id_tec_3518,Español,Alto
id_tec_3519,Inglés,Alto
id_tec_3520,Español,Alto
id_tec_3520,Inglés,Alto
id_tec_3521,Español,Alto
id_tec_3521,Inglés,Alto
id_tec_3522,Inglés,Alto
id_tec_3522,Francés,Alto
id_tec_3523,Español,Alto
id_tec_3523,Inglés,Alto
id_tec_3524,Español,Alto
id_tec_3524,Inglés,Alto
id_tec_3525,,
id_tec_3526,Inglés,Alto
id_tec_3527,Inglés,Alto
id_tec_3528,,
id_tec_3529,Inglés,Alto
id_tec_3530,,
id_tec_3531,,
id_tec_3532,,
id_tec_3533,Francés,Alto
id_tec_3534,Francés,Medio
id_tec_3535,Francés,Medio
id_tec_3536,Francés,Medio
id_tec_3536,Francés,Medio
id_tec_3537,,
id_tec_3538,Francés,Medio
id_tec_3539,,
id_tec_3540,Inglés,Alto
id_tec_3541,Francés,Alto
id_tec_3542,Francés,Medio
id_tec_3543,Francés,Alto
id_tec_3544,Francés,Medio
id_tec_3544,Francés,Medio
id_tec_3545,Inglés,Alto
id_tec_3546,Inglés,Alto
id_tec_3546,Inglés,Alto
id_tec_3547,Inglés,Medio
id_tec_3548,,
id_tec_3549,,
id_tec_3550,Inglés,Alto
id_tec_3550,Español,Alto
id_tec_3551,,
id_tec_3552,,
id_tec_3553,Inglés,Medio
id_tec_3554,,
id_tec_3555,Inglés,Medio
id_tec_3556,,
id_tec_3557,,
id_tec_3558,Inglés,Medio
id_tec_3559,Inglés,Alto
id_tec_3559,Italiano,Alto
id_tec_3560,Inglés,Alto
id_tec_3561,Inglés,Alto
id_tec_3562,Inglés,Alto
id_tec_3563,,
id_tec_3564,Catalán,Excelente
id_tec_3564,Inglés,Excelente
id_tec_3565,,
id_tec_3566,,
id_tec_3567,,
id_tec_3568,Inglés,Excelente
id_tec_3569,Inglés,Excelente
id_tec_3570,,
id_tec_3571,Inglés,Alto
id_tec_3572,,
id_tec_3573,Inglés,Medio
id_tec_3574,,
id_tec_3575,Inglés,Medio
id_tec_3576,Inglés,Medio
id_tec_3577,Inglés,Medio
id_tec_3578,Inglés,Medio
id_tec_3579,Inglés,Medio
id_tec_3580,,
id_tec_3581,,
id_tec_3582,,
id_tec_3583,,
id_tec_3584,,
id_tec_3585,,
